DROP database `SOAPBOX`;

CREATE database `SOAPBOX` CHARACTER SET utf8 COLLATE utf8_unicode_ci;

CREATE TABLE SOAPBOX.CUSTOMCAR (id bigint NOT NULL AUTO_INCREMENT, baseCar int NOT NULL, carClassHash int NOT NULL, isPreset bit NOT NULL, level int NOT NULL, name varchar(255) COLLATE utf8_unicode_ci, physicsProfileHash int NOT NULL, rating int NOT NULL, resalePrice int NOT NULL, rideHeightDrop int NOT NULL, skillModSlotCount int NOT NULL, version int NOT NULL, IDOWNEDCAR bigint, PRIMARY KEY (id), INDEX FK1x37o50wbwj5o7wj99ouj91om (IDOWNEDCAR)) ENGINE=InnoDB DEFAULT CHARSET=utf8;
CREATE TABLE SOAPBOX.CUSTOMPAINT (id bigint NOT NULL AUTO_INCREMENT, paintGroup int, hue int NOT NULL, sat int NOT NULL, slot int NOT NULL, var int NOT NULL, IDCUSTOMCAR bigint, PRIMARY KEY (id), INDEX FKtq0mdiowh213sspajj03mwb5t (IDCUSTOMCAR)) ENGINE=InnoDB DEFAULT CHARSET=utf8;
CREATE TABLE SOAPBOX.CUSTOMVINYL (id bigint NOT NULL AUTO_INCREMENT, hash int NOT NULL, hue1 int NOT NULL, hue2 int NOT NULL, hue3 int NOT NULL, hue4 int NOT NULL, layer int NOT NULL, mir varchar(255) COLLATE utf8_unicode_ci, rot int NOT NULL, sat1 int NOT NULL, sat2 int NOT NULL, sat3 int NOT NULL, sat4 int NOT NULL, scaleX int NOT NULL, scaleY int NOT NULL, shear int NOT NULL, tranX int NOT NULL, tranY int NOT NULL, var1 int NOT NULL, var2 int NOT NULL, var3 int NOT NULL, var4 int NOT NULL, IDCUSTOMCAR bigint, PRIMARY KEY (id), INDEX FKhmjhvwej25sncsqe3hq17vn2n (IDCUSTOMCAR)) ENGINE=InnoDB DEFAULT CHARSET=utf8;
CREATE TABLE SOAPBOX.EVENTDEFINITION (eventId bigint NOT NULL, carClassHash int, coins int, engagePointX float, engagePointY double, engagePointZ double, eventLocalization int, eventModeDescriptionLocalization int, eventModeIcon varchar(255) COLLATE utf8_unicode_ci, eventModeId int, eventModeLocalization int, isEnabled varchar(255) COLLATE utf8_unicode_ci, isLocked varchar(255) COLLATE utf8_unicode_ci, laps int, length int, maxClassRating int, maxEntrants int, maxLevel int, minClassRating int, minEntrants int, minLevel int, regionLocalization int, rewardMode1 int, rewardMode2 int, rewardMode3 int, timeLimit int, trackLayoutMap varchar(255) COLLATE utf8_unicode_ci, trackLocalization int, PRIMARY KEY (eventId)) ENGINE=InnoDB DEFAULT CHARSET=utf8;
CREATE TABLE SOAPBOX.LOBBY (id bigint NOT NULL AUTO_INCREMENT, isInviteEnabled bit NOT NULL, isWaiting bit NOT NULL, lobbyDateTimeStart datetime, EVENTID bigint, PRIMARY KEY (id), INDEX FKkp0v4ai7na2gt3wb07sgqptjk (EVENTID)) ENGINE=InnoDB DEFAULT CHARSET=utf8;
CREATE TABLE SOAPBOX.LOBBYENTRANT (id bigint NOT NULL AUTO_INCREMENT, LOBBYID bigint, PERSONAID bigint, PRIMARY KEY (id), INDEX FKb16m56d4hbm4dsnhrjkbg5ihu (LOBBYID), INDEX FK18nhfrj2phl91fsmt3t9oegcr (PERSONAID)) ENGINE=InnoDB DEFAULT CHARSET=utf8;
CREATE TABLE SOAPBOX.OWNEDCAR (id bigint NOT NULL AUTO_INCREMENT, durability int NOT NULL, expirationDate varchar(255) COLLATE utf8_unicode_ci, heat int NOT NULL, ownershipType varchar(255) COLLATE utf8_unicode_ci, IDPERSONA bigint, IDPRODUCT bigint, PRIMARY KEY (id), INDEX FKqgmirqm1js3v66oxvwungafsx (IDPERSONA), INDEX FK9kp7g2t1xo2yuju37emrfmpao (IDPRODUCT)) ENGINE=InnoDB DEFAULT CHARSET=utf8;
CREATE TABLE SOAPBOX.PERFORMANCEPART (id bigint NOT NULL AUTO_INCREMENT, performancePartAttribHash int NOT NULL, IDCUSTOMCAR bigint, PRIMARY KEY (id), INDEX FK20qn8i3yt9tayk0ms4tq89tdr (IDCUSTOMCAR)) ENGINE=InnoDB DEFAULT CHARSET=utf8;
CREATE TABLE SOAPBOX.PERSONA (ID bigint NOT NULL AUTO_INCREMENT, CASH decimal(19,2), CURCARINDEX int, ICONINDEX int, LEVEL int, MOTTO longtext COLLATE utf8_unicode_ci, NAME varchar(50) COLLATE utf8_unicode_ci, PERCENTTOLEVEL decimal(19,2), RATING decimal(19,2), REP decimal(19,2), REPATCURRENTLEVEL decimal(19,2), SCORE decimal(19,2), USERID bigint, PRIMARY KEY (ID), INDEX FKon9k3f1y35051t3y7x6ogd6k7 (USERID)) ENGINE=InnoDB DEFAULT CHARSET=utf8;
CREATE TABLE SOAPBOX.PRODUCT (id bigint NOT NULL AUTO_INCREMENT, bundleItems varchar(255) COLLATE utf8_unicode_ci, categoryId varchar(255) COLLATE utf8_unicode_ci, categoryName varchar(255) COLLATE utf8_unicode_ci, currency varchar(255) COLLATE utf8_unicode_ci, description varchar(255) COLLATE utf8_unicode_ci, durationMinute int NOT NULL, hash int NOT NULL, icon varchar(255) COLLATE utf8_unicode_ci, level int NOT NULL, longDescription varchar(255) COLLATE utf8_unicode_ci, price float NOT NULL, priority int NOT NULL, productId varchar(255) COLLATE utf8_unicode_ci, productTitle varchar(255) COLLATE utf8_unicode_ci, productType varchar(255) COLLATE utf8_unicode_ci, secondaryIcon varchar(255) COLLATE utf8_unicode_ci, useCount int NOT NULL, visualStyle varchar(255) COLLATE utf8_unicode_ci, webIcon varchar(255) COLLATE utf8_unicode_ci, webLocation varchar(255) COLLATE utf8_unicode_ci, PRIMARY KEY (id)) ENGINE=InnoDB DEFAULT CHARSET=utf8;
CREATE TABLE SOAPBOX.SESSION (id bigint NOT NULL AUTO_INCREMENT, eventSession bigint NOT NULL, expiration datetime, personaId bigint NOT NULL, token varchar(255) COLLATE utf8_unicode_ci, userId bigint NOT NULL, PRIMARY KEY (id)) ENGINE=InnoDB DEFAULT CHARSET=utf8;
CREATE TABLE SOAPBOX.SKILLMODPART (id bigint NOT NULL AUTO_INCREMENT, isFixed varchar(255) COLLATE utf8_unicode_ci, skillModPartAttribHash int NOT NULL, IDCUSTOMCAR bigint, PRIMARY KEY (id), INDEX FKi0fefuq4aoxqwuvsetu6hvhhx (IDCUSTOMCAR)) ENGINE=InnoDB DEFAULT CHARSET=utf8;
CREATE TABLE SOAPBOX.USER (ID bigint NOT NULL AUTO_INCREMENT, EMAIL varchar(200) COLLATE utf8_unicode_ci, PASSWORD varchar(32) COLLATE utf8_unicode_ci, PRIMARY KEY (ID)) ENGINE=InnoDB DEFAULT CHARSET=utf8;
CREATE TABLE SOAPBOX.VISUALPART (id bigint NOT NULL AUTO_INCREMENT, partHash int NOT NULL, slotHash int NOT NULL, IDCUSTOMCAR bigint, PRIMARY KEY (id), INDEX FKhj91saew5x6wuvmkfhf03ri73 (IDCUSTOMCAR)) ENGINE=InnoDB DEFAULT CHARSET=utf8;
ALTER TABLE SOAPBOX.CUSTOMCAR ADD CONSTRAINT FK1x37o50wbwj5o7wj99ouj91om FOREIGN KEY (IDOWNEDCAR) REFERENCES SOAPBOX.OWNEDCAR (id);
ALTER TABLE SOAPBOX.CUSTOMPAINT ADD CONSTRAINT FKtq0mdiowh213sspajj03mwb5t FOREIGN KEY (IDCUSTOMCAR) REFERENCES SOAPBOX.CUSTOMCAR (id);
ALTER TABLE SOAPBOX.CUSTOMVINYL ADD CONSTRAINT FKhmjhvwej25sncsqe3hq17vn2n FOREIGN KEY (IDCUSTOMCAR) REFERENCES SOAPBOX.CUSTOMCAR (id);
ALTER TABLE SOAPBOX.LOBBY ADD CONSTRAINT FKkp0v4ai7na2gt3wb07sgqptjk FOREIGN KEY (EVENTID) REFERENCES SOAPBOX.EVENTDEFINITION (eventId);
ALTER TABLE SOAPBOX.LOBBYENTRANT ADD CONSTRAINT FK18nhfrj2phl91fsmt3t9oegcr FOREIGN KEY (PERSONAID) REFERENCES SOAPBOX.PERSONA (ID) ;
ALTER TABLE SOAPBOX.LOBBYENTRANT ADD CONSTRAINT FKb16m56d4hbm4dsnhrjkbg5ihu FOREIGN KEY (LOBBYID) REFERENCES SOAPBOX.LOBBY (id);
ALTER TABLE SOAPBOX.OWNEDCAR ADD CONSTRAINT FK9kp7g2t1xo2yuju37emrfmpao FOREIGN KEY (IDPRODUCT) REFERENCES SOAPBOX.PRODUCT (id) ;
ALTER TABLE SOAPBOX.OWNEDCAR ADD CONSTRAINT FKqgmirqm1js3v66oxvwungafsx FOREIGN KEY (IDPERSONA) REFERENCES SOAPBOX.PERSONA (ID);
ALTER TABLE SOAPBOX.PERFORMANCEPART ADD CONSTRAINT FK20qn8i3yt9tayk0ms4tq89tdr FOREIGN KEY (IDCUSTOMCAR) REFERENCES SOAPBOX.CUSTOMCAR (id);
ALTER TABLE SOAPBOX.PERSONA ADD CONSTRAINT FKon9k3f1y35051t3y7x6ogd6k7 FOREIGN KEY (USERID) REFERENCES SOAPBOX.USER (ID);
ALTER TABLE SOAPBOX.SKILLMODPART ADD CONSTRAINT FKi0fefuq4aoxqwuvsetu6hvhhx FOREIGN KEY (IDCUSTOMCAR) REFERENCES SOAPBOX.CUSTOMCAR (id);
ALTER TABLE SOAPBOX.VISUALPART ADD CONSTRAINT FKhj91saew5x6wuvmkfhf03ri73 FOREIGN KEY (IDCUSTOMCAR) REFERENCES SOAPBOX.CUSTOMCAR (id);


INSERT INTO SOAPBOX.PRODUCT (ID, BUNDLEITEMS, CATEGORYID, CATEGORYNAME, CURRENCY, DESCRIPTION, DURATIONMINUTE, HASH, ICON, LEVEL, LONGDESCRIPTION, PRICE, PRIORITY, PRODUCTID, PRODUCTTITLE, PRODUCTTYPE, SECONDARYICON, USECOUNT, VISUALSTYLE, WEBICON, WEBLOCATION) VALUES (1, null, null, 'Starting_Cars', 'CASH', null, 0, -2136324513, 'White_64x64', 0, null, 175000.0, 0, 'NFSW-NA:B6F40DB9', 'WHITE', 'PRESETCAR', null, 1, null, null, null);
INSERT INTO SOAPBOX.PRODUCT (ID, BUNDLEITEMS, CATEGORYID, CATEGORYNAME, CURRENCY, DESCRIPTION, DURATIONMINUTE, HASH, ICON, LEVEL, LONGDESCRIPTION, PRICE, PRIORITY, PRODUCTID, PRODUCTTITLE, PRODUCTTYPE, SECONDARYICON, USECOUNT, VISUALSTYLE, WEBICON, WEBLOCATION) VALUES (2, null, null, 'Starting_Cars', 'CASH', null, 0, 805750582, 'Red_64x64', 0, null, 175000.0, 0, 'NFSW-NA:3FD9907D', 'RED', 'PRESETCAR', null, 1, null, null, null);
INSERT INTO SOAPBOX.PRODUCT (ID, BUNDLEITEMS, CATEGORYID, CATEGORYNAME, CURRENCY, DESCRIPTION, DURATIONMINUTE, HASH, ICON, LEVEL, LONGDESCRIPTION, PRICE, PRIORITY, PRODUCTID, PRODUCTTITLE, PRODUCTTYPE, SECONDARYICON, USECOUNT, VISUALSTYLE, WEBICON, WEBLOCATION) VALUES (3, null, null, 'Starting_Cars', 'CASH', null, 0, -1188734455, 'White_64x64', 0, null, 175000.0, 0, 'NFSW-NA:D05DB8E5', 'WHITE', 'PRESETCAR', null, 1, null, null, null);
INSERT INTO SOAPBOX.PRODUCT (ID, BUNDLEITEMS, CATEGORYID, CATEGORYNAME, CURRENCY, DESCRIPTION, DURATIONMINUTE, HASH, ICON, LEVEL, LONGDESCRIPTION, PRICE, PRIORITY, PRODUCTID, PRODUCTTITLE, PRODUCTTYPE, SECONDARYICON, USECOUNT, VISUALSTYLE, WEBICON, WEBLOCATION) VALUES (4, null, null, 'Starting_Cars', 'CASH', null, 0, -1876343443, 'Red_64x64', 0, null, 200000.0, 0, 'NFSW-NA:6526C9B8', 'RED', 'PRESETCAR', null, 1, null, null, null);
INSERT INTO SOAPBOX.PRODUCT (ID, BUNDLEITEMS, CATEGORYID, CATEGORYNAME, CURRENCY, DESCRIPTION, DURATIONMINUTE, HASH, ICON, LEVEL, LONGDESCRIPTION, PRICE, PRIORITY, PRODUCTID, PRODUCTTITLE, PRODUCTTYPE, SECONDARYICON, USECOUNT, VISUALSTYLE, WEBICON, WEBLOCATION) VALUES (5, null, null, 'Starting_Cars', 'CASH', null, 0, 1342182250, 'Black_64x64', 0, null, 150000.0, 0, 'NFSW-NA:A37033AC', 'BLACK', 'PRESETCAR', null, 1, null, null, null);
INSERT INTO SOAPBOX.PRODUCT (ID, BUNDLEITEMS, CATEGORYID, CATEGORYNAME, CURRENCY, DESCRIPTION, DURATIONMINUTE, HASH, ICON, LEVEL, LONGDESCRIPTION, PRICE, PRIORITY, PRODUCTID, PRODUCTTITLE, PRODUCTTYPE, SECONDARYICON, USECOUNT, VISUALSTYLE, WEBICON, WEBLOCATION) VALUES (6, null, null, 'Starting_Cars', 'CASH', null, 0, -1102268022, 'Red_64x64', 0, null, 200000.0, 0, 'NFSW-NA:7D68F4E7', 'RED', 'PRESETCAR', null, 1, null, null, null);
INSERT INTO SOAPBOX.PRODUCT (ID, BUNDLEITEMS, CATEGORYID, CATEGORYNAME, CURRENCY, DESCRIPTION, DURATIONMINUTE, HASH, ICON, LEVEL, LONGDESCRIPTION, PRICE, PRIORITY, PRODUCTID, PRODUCTTITLE, PRODUCTTYPE, SECONDARYICON, USECOUNT, VISUALSTYLE, WEBICON, WEBLOCATION) VALUES (7, null, null, 'Starting_Cars', 'CASH', null, 0, 1016727685, 'Green_64x64', 0, null, 125000.0, 0, 'NFSW-NA:795250E9', 'GREEN', 'PRESETCAR', null, 1, null, null, null);
INSERT INTO SOAPBOX.PRODUCT (ID, BUNDLEITEMS, CATEGORYID, CATEGORYNAME, CURRENCY, DESCRIPTION, DURATIONMINUTE, HASH, ICON, LEVEL, LONGDESCRIPTION, PRICE, PRIORITY, PRODUCTID, PRODUCTTITLE, PRODUCTTYPE, SECONDARYICON, USECOUNT, VISUALSTYLE, WEBICON, WEBLOCATION) VALUES (8, null, null, 'Starting_Cars', 'CASH', null, 0, 1133182666, 'Black_64x64', 0, null, 200000.0, 0, 'NFSW-NA:2A1626D0', 'BLACK', 'PRESETCAR', null, 1, null, null, null);
INSERT INTO SOAPBOX.OWNEDCAR (ID, DURABILITY, EXPIRATIONDATE, HEAT, OWNERSHIPTYPE, IDPERSONA, IDPRODUCT) VALUES (10, 100, '', 1, 'PresetCar', null, 6);
INSERT INTO SOAPBOX.OWNEDCAR (ID, DURABILITY, EXPIRATIONDATE, HEAT, OWNERSHIPTYPE, IDPERSONA, IDPRODUCT) VALUES (11, 100, '', 1, 'PresetCar', null, 5);
INSERT INTO SOAPBOX.OWNEDCAR (ID, DURABILITY, EXPIRATIONDATE, HEAT, OWNERSHIPTYPE, IDPERSONA, IDPRODUCT) VALUES (12, 100, '', 1, 'PresetCar', null, 2);
INSERT INTO SOAPBOX.OWNEDCAR (ID, DURABILITY, EXPIRATIONDATE, HEAT, OWNERSHIPTYPE, IDPERSONA, IDPRODUCT) VALUES (13, 100, '', 1, 'PresetCar', null, 8);
INSERT INTO SOAPBOX.OWNEDCAR (ID, DURABILITY, EXPIRATIONDATE, HEAT, OWNERSHIPTYPE, IDPERSONA, IDPRODUCT) VALUES (14, 100, '', 1, 'PresetCar', null, 1);
INSERT INTO SOAPBOX.OWNEDCAR (ID, DURABILITY, EXPIRATIONDATE, HEAT, OWNERSHIPTYPE, IDPERSONA, IDPRODUCT) VALUES (15, 100, '', 1, 'PresetCar', null, 3);
INSERT INTO SOAPBOX.OWNEDCAR (ID, DURABILITY, EXPIRATIONDATE, HEAT, OWNERSHIPTYPE, IDPERSONA, IDPRODUCT) VALUES (16, 100, '', 1, 'PresetCar', null, 7);
INSERT INTO SOAPBOX.OWNEDCAR (ID, DURABILITY, EXPIRATIONDATE, HEAT, OWNERSHIPTYPE, IDPERSONA, IDPRODUCT) VALUES (17, 100, '', 1, 'PresetCar', null, 4);
INSERT INTO SOAPBOX.CUSTOMCAR (ID, BASECAR, CARCLASSHASH, ISPRESET, LEVEL, NAME, PHYSICSPROFILEHASH, RATING, RESALEPRICE, RIDEHEIGHTDROP, SKILLMODSLOTCOUNT, VERSION, IDOWNEDCAR) VALUES (10, -87126832, 872416321, true, 0, 'mazdaspeed3', 1886825490, 226, 50000, 0, 5, 0, 10);
INSERT INTO SOAPBOX.CUSTOMCAR (ID, BASECAR, CARCLASSHASH, ISPRESET, LEVEL, NAME, PHYSICSPROFILEHASH, RATING, RESALEPRICE, RIDEHEIGHTDROP, SKILLMODSLOTCOUNT, VERSION, IDOWNEDCAR) VALUES (11, -1054632705, 872416321, true, 0, 'eclipsegt', -1562965059, 201, 37500, 0, 5, 0, 11);
INSERT INTO SOAPBOX.CUSTOMCAR (ID, BASECAR, CARCLASSHASH, ISPRESET, LEVEL, NAME, PHYSICSPROFILEHASH, RATING, RESALEPRICE, RIDEHEIGHTDROP, SKILLMODSLOTCOUNT, VERSION, IDOWNEDCAR) VALUES (12, 48171572, 872416321, true, 0, 'gto65', -421385244, 204, 43750, 0, 5, 0, 12);
INSERT INTO SOAPBOX.CUSTOMCAR (ID, BASECAR, CARCLASSHASH, ISPRESET, LEVEL, NAME, PHYSICSPROFILEHASH, RATING, RESALEPRICE, RIDEHEIGHTDROP, SKILLMODSLOTCOUNT, VERSION, IDOWNEDCAR) VALUES (13, 22084480, 872416321, true, 0, '240sx', -1469109252, 224, 50000, 0, 5, 0, 13);
INSERT INTO SOAPBOX.CUSTOMCAR (ID, BASECAR, CARCLASSHASH, ISPRESET, LEVEL, NAME, PHYSICSPROFILEHASH, RATING, RESALEPRICE, RIDEHEIGHTDROP, SKILLMODSLOTCOUNT, VERSION, IDOWNEDCAR) VALUES (14, -90545772, 872416321, true, 0, 'scirocco', -1965895939, 213, 43750, 0, 5, 0, 14);
INSERT INTO SOAPBOX.CUSTOMCAR (ID, BASECAR, CARCLASSHASH, ISPRESET, LEVEL, NAME, PHYSICSPROFILEHASH, RATING, RESALEPRICE, RIDEHEIGHTDROP, SKILLMODSLOTCOUNT, VERSION, IDOWNEDCAR) VALUES (15, -951615808, 872416321, true, 0, 'silvias15', -591225061, 212, 43750, 0, 5, 0, 15);
INSERT INTO SOAPBOX.CUSTOMCAR (ID, BASECAR, CARCLASSHASH, ISPRESET, LEVEL, NAME, PHYSICSPROFILEHASH, RATING, RESALEPRICE, RIDEHEIGHTDROP, SKILLMODSLOTCOUNT, VERSION, IDOWNEDCAR) VALUES (16, 1008844988, 872416321, true, 0, 'challenger71', -1550817422, 175, 31250, 0, 5, 0, 16);
INSERT INTO SOAPBOX.CUSTOMCAR (ID, BASECAR, CARCLASSHASH, ISPRESET, LEVEL, NAME, PHYSICSPROFILEHASH, RATING, RESALEPRICE, RIDEHEIGHTDROP, SKILLMODSLOTCOUNT, VERSION, IDOWNEDCAR) VALUES (17, 21940732, 872416321, true, 0, '200sx', -701871184, 229, 50000, 0, 5, 0, 17);
INSERT INTO SOAPBOX.CUSTOMPAINT (ID, PAINTGROUP, HUE, SAT, SLOT, VAR, IDCUSTOMCAR) VALUES (57, 47885063, 496032328, 255, 0, 255, 10);
INSERT INTO SOAPBOX.CUSTOMPAINT (ID, PAINTGROUP, HUE, SAT, SLOT, VAR, IDCUSTOMCAR) VALUES (58, 47885063, 496032328, 255, 3, 255, 10);
INSERT INTO SOAPBOX.CUSTOMPAINT (ID, PAINTGROUP, HUE, SAT, SLOT, VAR, IDCUSTOMCAR) VALUES (59, 47885063, 496032328, 255, 4, 255, 10);
INSERT INTO SOAPBOX.CUSTOMPAINT (ID, PAINTGROUP, HUE, SAT, SLOT, VAR, IDCUSTOMCAR) VALUES (60, 47885063, 496032328, 255, 5, 255, 10);
INSERT INTO SOAPBOX.CUSTOMPAINT (ID, PAINTGROUP, HUE, SAT, SLOT, VAR, IDCUSTOMCAR) VALUES (61, 47885063, 496032328, 255, 6, 255, 10);
INSERT INTO SOAPBOX.CUSTOMPAINT (ID, PAINTGROUP, HUE, SAT, SLOT, VAR, IDCUSTOMCAR) VALUES (62, 47885063, 496032328, 255, 7, 255, 10);
INSERT INTO SOAPBOX.CUSTOMPAINT (ID, PAINTGROUP, HUE, SAT, SLOT, VAR, IDCUSTOMCAR) VALUES (63, 47885063, 496032328, 0, 0, 0, 11);
INSERT INTO SOAPBOX.CUSTOMPAINT (ID, PAINTGROUP, HUE, SAT, SLOT, VAR, IDCUSTOMCAR) VALUES (64, 47885063, 496032328, 0, 3, 0, 11);
INSERT INTO SOAPBOX.CUSTOMPAINT (ID, PAINTGROUP, HUE, SAT, SLOT, VAR, IDCUSTOMCAR) VALUES (65, 47885063, 496032328, 0, 4, 0, 11);
INSERT INTO SOAPBOX.CUSTOMPAINT (ID, PAINTGROUP, HUE, SAT, SLOT, VAR, IDCUSTOMCAR) VALUES (66, 47885063, 496032328, 0, 5, 0, 11);
INSERT INTO SOAPBOX.CUSTOMPAINT (ID, PAINTGROUP, HUE, SAT, SLOT, VAR, IDCUSTOMCAR) VALUES (67, 47885063, 496032328, 0, 6, 0, 11);
INSERT INTO SOAPBOX.CUSTOMPAINT (ID, PAINTGROUP, HUE, SAT, SLOT, VAR, IDCUSTOMCAR) VALUES (68, 47885063, 496032328, 0, 7, 0, 11);
INSERT INTO SOAPBOX.CUSTOMPAINT (ID, PAINTGROUP, HUE, SAT, SLOT, VAR, IDCUSTOMCAR) VALUES (69, 47885063, 496032328, 255, 0, 255, 12);
INSERT INTO SOAPBOX.CUSTOMPAINT (ID, PAINTGROUP, HUE, SAT, SLOT, VAR, IDCUSTOMCAR) VALUES (70, 47885063, 496032328, 255, 3, 255, 12);
INSERT INTO SOAPBOX.CUSTOMPAINT (ID, PAINTGROUP, HUE, SAT, SLOT, VAR, IDCUSTOMCAR) VALUES (71, 47885063, 496032328, 255, 4, 255, 12);
INSERT INTO SOAPBOX.CUSTOMPAINT (ID, PAINTGROUP, HUE, SAT, SLOT, VAR, IDCUSTOMCAR) VALUES (72, 47885063, 496032328, 255, 5, 255, 12);
INSERT INTO SOAPBOX.CUSTOMPAINT (ID, PAINTGROUP, HUE, SAT, SLOT, VAR, IDCUSTOMCAR) VALUES (73, 47885063, 496032328, 255, 6, 255, 12);
INSERT INTO SOAPBOX.CUSTOMPAINT (ID, PAINTGROUP, HUE, SAT, SLOT, VAR, IDCUSTOMCAR) VALUES (74, 47885063, 496032328, 255, 7, 255, 12);
INSERT INTO SOAPBOX.CUSTOMPAINT (ID, PAINTGROUP, HUE, SAT, SLOT, VAR, IDCUSTOMCAR) VALUES (75, 47885063, 496032328, 0, 0, 0, 13);
INSERT INTO SOAPBOX.CUSTOMPAINT (ID, PAINTGROUP, HUE, SAT, SLOT, VAR, IDCUSTOMCAR) VALUES (76, 47885063, 496032328, 0, 3, 0, 13);
INSERT INTO SOAPBOX.CUSTOMPAINT (ID, PAINTGROUP, HUE, SAT, SLOT, VAR, IDCUSTOMCAR) VALUES (77, 47885063, 496032328, 0, 4, 0, 13);
INSERT INTO SOAPBOX.CUSTOMPAINT (ID, PAINTGROUP, HUE, SAT, SLOT, VAR, IDCUSTOMCAR) VALUES (78, 47885063, 496032328, 0, 5, 0, 13);
INSERT INTO SOAPBOX.CUSTOMPAINT (ID, PAINTGROUP, HUE, SAT, SLOT, VAR, IDCUSTOMCAR) VALUES (79, 47885063, 496032328, 0, 6, 0, 13);
INSERT INTO SOAPBOX.CUSTOMPAINT (ID, PAINTGROUP, HUE, SAT, SLOT, VAR, IDCUSTOMCAR) VALUES (80, 47885063, 496032328, 0, 7, 0, 13);
INSERT INTO SOAPBOX.CUSTOMPAINT (ID, PAINTGROUP, HUE, SAT, SLOT, VAR, IDCUSTOMCAR) VALUES (81, 47885063, 496032328, 0, 0, 241, 14);
INSERT INTO SOAPBOX.CUSTOMPAINT (ID, PAINTGROUP, HUE, SAT, SLOT, VAR, IDCUSTOMCAR) VALUES (82, 47885063, 496032328, 0, 3, 241, 14);
INSERT INTO SOAPBOX.CUSTOMPAINT (ID, PAINTGROUP, HUE, SAT, SLOT, VAR, IDCUSTOMCAR) VALUES (83, 47885063, 496032328, 0, 4, 241, 14);
INSERT INTO SOAPBOX.CUSTOMPAINT (ID, PAINTGROUP, HUE, SAT, SLOT, VAR, IDCUSTOMCAR) VALUES (84, 47885063, 496032328, 0, 5, 241, 14);
INSERT INTO SOAPBOX.CUSTOMPAINT (ID, PAINTGROUP, HUE, SAT, SLOT, VAR, IDCUSTOMCAR) VALUES (85, 47885063, 496032328, 0, 6, 241, 14);
INSERT INTO SOAPBOX.CUSTOMPAINT (ID, PAINTGROUP, HUE, SAT, SLOT, VAR, IDCUSTOMCAR) VALUES (86, 47885063, 496032328, 0, 7, 241, 14);
INSERT INTO SOAPBOX.CUSTOMPAINT (ID, PAINTGROUP, HUE, SAT, SLOT, VAR, IDCUSTOMCAR) VALUES (87, 47885063, 496032328, 0, 0, 255, 15);
INSERT INTO SOAPBOX.CUSTOMPAINT (ID, PAINTGROUP, HUE, SAT, SLOT, VAR, IDCUSTOMCAR) VALUES (88, 47885063, 496032328, 0, 3, 255, 15);
INSERT INTO SOAPBOX.CUSTOMPAINT (ID, PAINTGROUP, HUE, SAT, SLOT, VAR, IDCUSTOMCAR) VALUES (89, 47885063, 496032328, 0, 4, 255, 15);
INSERT INTO SOAPBOX.CUSTOMPAINT (ID, PAINTGROUP, HUE, SAT, SLOT, VAR, IDCUSTOMCAR) VALUES (90, 47885063, 496032328, 0, 5, 255, 15);
INSERT INTO SOAPBOX.CUSTOMPAINT (ID, PAINTGROUP, HUE, SAT, SLOT, VAR, IDCUSTOMCAR) VALUES (91, 47885063, 496032328, 0, 6, 255, 15);
INSERT INTO SOAPBOX.CUSTOMPAINT (ID, PAINTGROUP, HUE, SAT, SLOT, VAR, IDCUSTOMCAR) VALUES (92, 47885063, 496032328, 0, 7, 255, 15);
INSERT INTO SOAPBOX.CUSTOMPAINT (ID, PAINTGROUP, HUE, SAT, SLOT, VAR, IDCUSTOMCAR) VALUES (93, 47885063, 496032526, 207, 0, 255, 16);
INSERT INTO SOAPBOX.CUSTOMPAINT (ID, PAINTGROUP, HUE, SAT, SLOT, VAR, IDCUSTOMCAR) VALUES (94, 47885063, 496032526, 207, 3, 255, 16);
INSERT INTO SOAPBOX.CUSTOMPAINT (ID, PAINTGROUP, HUE, SAT, SLOT, VAR, IDCUSTOMCAR) VALUES (95, 47885063, 496032526, 207, 4, 255, 16);
INSERT INTO SOAPBOX.CUSTOMPAINT (ID, PAINTGROUP, HUE, SAT, SLOT, VAR, IDCUSTOMCAR) VALUES (96, 47885063, 496032526, 207, 5, 255, 16);
INSERT INTO SOAPBOX.CUSTOMPAINT (ID, PAINTGROUP, HUE, SAT, SLOT, VAR, IDCUSTOMCAR) VALUES (97, 47885063, 496032526, 207, 6, 255, 16);
INSERT INTO SOAPBOX.CUSTOMPAINT (ID, PAINTGROUP, HUE, SAT, SLOT, VAR, IDCUSTOMCAR) VALUES (98, 47885063, 496032526, 255, 7, 255, 16);
INSERT INTO SOAPBOX.CUSTOMPAINT (ID, PAINTGROUP, HUE, SAT, SLOT, VAR, IDCUSTOMCAR) VALUES (99, 47885063, 496032328, 255, 0, 239, 17);
INSERT INTO SOAPBOX.CUSTOMPAINT (ID, PAINTGROUP, HUE, SAT, SLOT, VAR, IDCUSTOMCAR) VALUES (100, 47885063, 496032328, 255, 3, 239, 17);
INSERT INTO SOAPBOX.CUSTOMPAINT (ID, PAINTGROUP, HUE, SAT, SLOT, VAR, IDCUSTOMCAR) VALUES (101, 47885063, 496032328, 255, 4, 239, 17);
INSERT INTO SOAPBOX.CUSTOMPAINT (ID, PAINTGROUP, HUE, SAT, SLOT, VAR, IDCUSTOMCAR) VALUES (102, 47885063, 496032328, 255, 5, 239, 17);
INSERT INTO SOAPBOX.CUSTOMPAINT (ID, PAINTGROUP, HUE, SAT, SLOT, VAR, IDCUSTOMCAR) VALUES (103, 47885063, 496032328, 255, 6, 239, 17);
INSERT INTO SOAPBOX.CUSTOMPAINT (ID, PAINTGROUP, HUE, SAT, SLOT, VAR, IDCUSTOMCAR) VALUES (104, 47885063, 496032328, 255, 7, 239, 17);
INSERT INTO SOAPBOX.CUSTOMPAINT (ID, PAINTGROUP, HUE, SAT, SLOT, VAR, IDCUSTOMCAR) VALUES (105, -81736162, 496032328, 0, 1, 241, 17);
INSERT INTO SOAPBOX.CUSTOMPAINT (ID, PAINTGROUP, HUE, SAT, SLOT, VAR, IDCUSTOMCAR) VALUES (106, -81736162, 496032328, 0, 2, 241, 17);
INSERT INTO SOAPBOX.EVENTDEFINITION (EVENTID, CARCLASSHASH, COINS, ENGAGEPOINTX, ENGAGEPOINTY, ENGAGEPOINTZ, EVENTLOCALIZATION, EVENTMODEDESCRIPTIONLOCALIZATION, EVENTMODEICON, EVENTMODEID, EVENTMODELOCALIZATION, ISENABLED, ISLOCKED, LAPS, LENGTH, MAXCLASSRATING, MAXENTRANTS, MAXLEVEL, MINCLASSRATING, MINENTRANTS, MINLEVEL, REGIONLOCALIZATION, REWARDMODE1, REWARDMODE2, REWARDMODE3, TIMELIMIT, TRACKLAYOUTMAP, TRACKLOCALIZATION) VALUES (3, -2142411446, 0, 9295.615234375, 3041.322998046875, 44.484859466552734, 953952207, 1204604434, 'GameModeIcon_Sprint', 9, -1152300457, 'true', 'false', 0, 5, 999, 6, 60, 750, 2, 2, 0, 1, 2, 3, 0, '1.2.2', -1187997514);
INSERT INTO SOAPBOX.EVENTDEFINITION (EVENTID, CARCLASSHASH, COINS, ENGAGEPOINTX, ENGAGEPOINTY, ENGAGEPOINTZ, EVENTLOCALIZATION, EVENTMODEDESCRIPTIONLOCALIZATION, EVENTMODEICON, EVENTMODEID, EVENTMODELOCALIZATION, ISENABLED, ISLOCKED, LAPS, LENGTH, MAXCLASSRATING, MAXENTRANTS, MAXLEVEL, MINCLASSRATING, MINENTRANTS, MINLEVEL, REGIONLOCALIZATION, REWARDMODE1, REWARDMODE2, REWARDMODE3, TIMELIMIT, TRACKLAYOUTMAP, TRACKLOCALIZATION) VALUES (5, -2142411446, 0, 7143.38916015625, 3868.447998046875, 213.40530395507812, 953952336, 1634433605, 'GameModeIcon_Circuit', 4, 1165983530, 'true', 'false', 2, 22, 999, 6, 60, 750, 2, 2, 0, 1, 2, 3, 0, '2.1.1', 953952336);
INSERT INTO SOAPBOX.EVENTDEFINITION (EVENTID, CARCLASSHASH, COINS, ENGAGEPOINTX, ENGAGEPOINTY, ENGAGEPOINTZ, EVENTLOCALIZATION, EVENTMODEDESCRIPTIONLOCALIZATION, EVENTMODEICON, EVENTMODEID, EVENTMODELOCALIZATION, ISENABLED, ISLOCKED, LAPS, LENGTH, MAXCLASSRATING, MAXENTRANTS, MAXLEVEL, MINCLASSRATING, MINENTRANTS, MINLEVEL, REGIONLOCALIZATION, REWARDMODE1, REWARDMODE2, REWARDMODE3, TIMELIMIT, TRACKLAYOUTMAP, TRACKLOCALIZATION) VALUES (8, -405837480, 0, 8307.6904296875, 898.9951171875, 147.97560119628906, 953953227, 1204604434, 'GameModeIcon_Sprint', 9, -1152300457, 'true', 'false', 0, 0, 749, 6, 60, 600, 2, 2, 0, 1, 2, 3, 0, '9.2.2.r', -1187997514);
INSERT INTO SOAPBOX.EVENTDEFINITION (EVENTID, CARCLASSHASH, COINS, ENGAGEPOINTX, ENGAGEPOINTY, ENGAGEPOINTZ, EVENTLOCALIZATION, EVENTMODEDESCRIPTIONLOCALIZATION, EVENTMODEICON, EVENTMODEID, EVENTMODELOCALIZATION, ISENABLED, ISLOCKED, LAPS, LENGTH, MAXCLASSRATING, MAXENTRANTS, MAXLEVEL, MINCLASSRATING, MINENTRANTS, MINLEVEL, REGIONLOCALIZATION, REWARDMODE1, REWARDMODE2, REWARDMODE3, TIMELIMIT, TRACKLAYOUTMAP, TRACKLOCALIZATION) VALUES (11, -405837480, 0, 9453.0, 998.0, 81.0, 953953256, 1634433605, 'GameModeIcon_Circuit', 4, 1165983530, 'true', 'false', 2, 12, 749, 6, 60, 600, 2, 2, 0, 1, 2, 3, 0, '4.1.1', -1187997514);
INSERT INTO SOAPBOX.EVENTDEFINITION (EVENTID, CARCLASSHASH, COINS, ENGAGEPOINTX, ENGAGEPOINTY, ENGAGEPOINTZ, EVENTLOCALIZATION, EVENTMODEDESCRIPTIONLOCALIZATION, EVENTMODEICON, EVENTMODEID, EVENTMODELOCALIZATION, ISENABLED, ISLOCKED, LAPS, LENGTH, MAXCLASSRATING, MAXENTRANTS, MAXLEVEL, MINCLASSRATING, MINENTRANTS, MINLEVEL, REGIONLOCALIZATION, REWARDMODE1, REWARDMODE2, REWARDMODE3, TIMELIMIT, TRACKLAYOUTMAP, TRACKLOCALIZATION) VALUES (15, -406473455, 0, 10214.3798828125, 2629.448974609375, 20.483400344848633, 953952108, 1634433605, 'GameModeIcon_Circuit', 4, 1165983530, 'true', 'false', 2, 10, 599, 6, 60, 500, 2, 2, 0, 1, 2, 3, 0, '7.1.1', -1187997514);
INSERT INTO SOAPBOX.EVENTDEFINITION (EVENTID, CARCLASSHASH, COINS, ENGAGEPOINTX, ENGAGEPOINTY, ENGAGEPOINTZ, EVENTLOCALIZATION, EVENTMODEDESCRIPTIONLOCALIZATION, EVENTMODEICON, EVENTMODEID, EVENTMODELOCALIZATION, ISENABLED, ISLOCKED, LAPS, LENGTH, MAXCLASSRATING, MAXENTRANTS, MAXLEVEL, MINCLASSRATING, MINENTRANTS, MINLEVEL, REGIONLOCALIZATION, REWARDMODE1, REWARDMODE2, REWARDMODE3, TIMELIMIT, TRACKLAYOUTMAP, TRACKLOCALIZATION) VALUES (18, 1866825865, 0, 10081.0498046875, 2306.60009765625, 26.7900390625, 953952265, 1204604434, 'GameModeIcon_Sprint', 9, -1152300457, 'true', 'false', 0, 0, 499, 6, 60, 400, 2, 2, 0, 1, 2, 3, 0, '9.2.1', -1187997514);
INSERT INTO SOAPBOX.EVENTDEFINITION (EVENTID, CARCLASSHASH, COINS, ENGAGEPOINTX, ENGAGEPOINTY, ENGAGEPOINTZ, EVENTLOCALIZATION, EVENTMODEDESCRIPTIONLOCALIZATION, EVENTMODEICON, EVENTMODEID, EVENTMODELOCALIZATION, ISENABLED, ISLOCKED, LAPS, LENGTH, MAXCLASSRATING, MAXENTRANTS, MAXLEVEL, MINCLASSRATING, MINENTRANTS, MINLEVEL, REGIONLOCALIZATION, REWARDMODE1, REWARDMODE2, REWARDMODE3, TIMELIMIT, TRACKLAYOUTMAP, TRACKLOCALIZATION) VALUES (25, -405837480, 0, 9733.3984375, -865.6735229492188, 20.77294921875, 953952134, 1204604434, 'GameModeIcon_Sprint', 9, -1152300457, 'true', 'false', 0, 0, 749, 6, 60, 600, 2, 2, 0, 1, 2, 3, 0, '11.2.1', -1187997514);
INSERT INTO SOAPBOX.EVENTDEFINITION (EVENTID, CARCLASSHASH, COINS, ENGAGEPOINTX, ENGAGEPOINTY, ENGAGEPOINTZ, EVENTLOCALIZATION, EVENTMODEDESCRIPTIONLOCALIZATION, EVENTMODEICON, EVENTMODEID, EVENTMODELOCALIZATION, ISENABLED, ISLOCKED, LAPS, LENGTH, MAXCLASSRATING, MAXENTRANTS, MAXLEVEL, MINCLASSRATING, MINENTRANTS, MINLEVEL, REGIONLOCALIZATION, REWARDMODE1, REWARDMODE2, REWARDMODE3, TIMELIMIT, TRACKLAYOUTMAP, TRACKLOCALIZATION) VALUES (28, 1866825865, 0, 6067.9921875, 2271.760009765625, 183.6143035888672, 953952202, 1204604434, 'GameModeIcon_Sprint', 9, -1152300457, 'true', 'false', 0, 0, 499, 6, 60, 400, 2, 2, 0, 1, 2, 3, 0, '14.2.3.r', 953952202);
INSERT INTO SOAPBOX.EVENTDEFINITION (EVENTID, CARCLASSHASH, COINS, ENGAGEPOINTX, ENGAGEPOINTY, ENGAGEPOINTZ, EVENTLOCALIZATION, EVENTMODEDESCRIPTIONLOCALIZATION, EVENTMODEICON, EVENTMODEID, EVENTMODELOCALIZATION, ISENABLED, ISLOCKED, LAPS, LENGTH, MAXCLASSRATING, MAXENTRANTS, MAXLEVEL, MINCLASSRATING, MINENTRANTS, MINLEVEL, REGIONLOCALIZATION, REWARDMODE1, REWARDMODE2, REWARDMODE3, TIMELIMIT, TRACKLAYOUTMAP, TRACKLOCALIZATION) VALUES (29, -406473455, 0, 7131.5732421875, 3189.717041015625, 199.1645965576172, 953952171, 1204604434, 'GameModeIcon_Sprint', 9, -1152300457, 'true', 'false', 0, 8, 599, 6, 60, 500, 2, 2, 0, 1, 2, 3, 0, '13.2.1', 953952171);
INSERT INTO SOAPBOX.EVENTDEFINITION (EVENTID, CARCLASSHASH, COINS, ENGAGEPOINTX, ENGAGEPOINTY, ENGAGEPOINTZ, EVENTLOCALIZATION, EVENTMODEDESCRIPTIONLOCALIZATION, EVENTMODEICON, EVENTMODEID, EVENTMODELOCALIZATION, ISENABLED, ISLOCKED, LAPS, LENGTH, MAXCLASSRATING, MAXENTRANTS, MAXLEVEL, MINCLASSRATING, MINENTRANTS, MINLEVEL, REGIONLOCALIZATION, REWARDMODE1, REWARDMODE2, REWARDMODE3, TIMELIMIT, TRACKLAYOUTMAP, TRACKLOCALIZATION) VALUES (30, 607077938, 0, 8020.27783203125, 1253.2440185546875, 149.9936981201172, 953952172, 1204604434, 'GameModeIcon_Sprint', 9, -1152300457, 'true', 'false', 0, 9, 999, 6, 60, 0, 2, 2, 0, 1, 2, 3, 0, '13.2.3', 953952172);
INSERT INTO SOAPBOX.EVENTDEFINITION (EVENTID, CARCLASSHASH, COINS, ENGAGEPOINTX, ENGAGEPOINTY, ENGAGEPOINTZ, EVENTLOCALIZATION, EVENTMODEDESCRIPTIONLOCALIZATION, EVENTMODEICON, EVENTMODEID, EVENTMODELOCALIZATION, ISENABLED, ISLOCKED, LAPS, LENGTH, MAXCLASSRATING, MAXENTRANTS, MAXLEVEL, MINCLASSRATING, MINENTRANTS, MINLEVEL, REGIONLOCALIZATION, REWARDMODE1, REWARDMODE2, REWARDMODE3, TIMELIMIT, TRACKLAYOUTMAP, TRACKLOCALIZATION) VALUES (36, -405837480, 0, 6243.0, 2813.0, 188.0, 953953257, 1634433605, 'GameModeIcon_Circuit', 4, 1165983530, 'true', 'false', 2, 0, 749, 6, 60, 600, 2, 2, 0, 1, 2, 3, 0, '14.3.1', -1187997514);
INSERT INTO SOAPBOX.EVENTDEFINITION (EVENTID, CARCLASSHASH, COINS, ENGAGEPOINTX, ENGAGEPOINTY, ENGAGEPOINTZ, EVENTLOCALIZATION, EVENTMODEDESCRIPTIONLOCALIZATION, EVENTMODEICON, EVENTMODEID, EVENTMODELOCALIZATION, ISENABLED, ISLOCKED, LAPS, LENGTH, MAXCLASSRATING, MAXENTRANTS, MAXLEVEL, MINCLASSRATING, MINENTRANTS, MINLEVEL, REGIONLOCALIZATION, REWARDMODE1, REWARDMODE2, REWARDMODE3, TIMELIMIT, TRACKLAYOUTMAP, TRACKLOCALIZATION) VALUES (41, 607077938, 0, 3943.0, 385.0, 37.0, 953953222, 1204604434, 'GameModeIcon_Sprint', 9, -1152300457, 'true', 'false', 0, 0, 999, 6, 60, 0, 2, 2, 0, 1, 2, 3, 0, 'noob1', -491522158);
INSERT INTO SOAPBOX.EVENTDEFINITION (EVENTID, CARCLASSHASH, COINS, ENGAGEPOINTX, ENGAGEPOINTY, ENGAGEPOINTZ, EVENTLOCALIZATION, EVENTMODEDESCRIPTIONLOCALIZATION, EVENTMODEICON, EVENTMODEID, EVENTMODELOCALIZATION, ISENABLED, ISLOCKED, LAPS, LENGTH, MAXCLASSRATING, MAXENTRANTS, MAXLEVEL, MINCLASSRATING, MINENTRANTS, MINLEVEL, REGIONLOCALIZATION, REWARDMODE1, REWARDMODE2, REWARDMODE3, TIMELIMIT, TRACKLAYOUTMAP, TRACKLOCALIZATION) VALUES (43, 607077938, 0, 4797.921875, 295.697998046875, 32.25630187988281, 953953223, 1204604434, 'GameModeIcon_Sprint', 9, -1152300457, 'true', 'false', 0, 0, 999, 6, 60, 0, 2, 2, 0, 1, 2, 3, 0, 'noob2', -491522157);
INSERT INTO SOAPBOX.EVENTDEFINITION (EVENTID, CARCLASSHASH, COINS, ENGAGEPOINTX, ENGAGEPOINTY, ENGAGEPOINTZ, EVENTLOCALIZATION, EVENTMODEDESCRIPTIONLOCALIZATION, EVENTMODEICON, EVENTMODEID, EVENTMODELOCALIZATION, ISENABLED, ISLOCKED, LAPS, LENGTH, MAXCLASSRATING, MAXENTRANTS, MAXLEVEL, MINCLASSRATING, MINENTRANTS, MINLEVEL, REGIONLOCALIZATION, REWARDMODE1, REWARDMODE2, REWARDMODE3, TIMELIMIT, TRACKLAYOUTMAP, TRACKLOCALIZATION) VALUES (45, 607077938, 0, 4384.0, 549.0, 38.0, 953953224, 1204604434, 'GameModeIcon_Sprint', 9, -1152300457, 'true', 'false', 0, 0, 999, 6, 60, 0, 2, 2, 0, 1, 2, 3, 0, 'noob3', -491522156);
INSERT INTO SOAPBOX.EVENTDEFINITION (EVENTID, CARCLASSHASH, COINS, ENGAGEPOINTX, ENGAGEPOINTY, ENGAGEPOINTZ, EVENTLOCALIZATION, EVENTMODEDESCRIPTIONLOCALIZATION, EVENTMODEICON, EVENTMODEID, EVENTMODELOCALIZATION, ISENABLED, ISLOCKED, LAPS, LENGTH, MAXCLASSRATING, MAXENTRANTS, MAXLEVEL, MINCLASSRATING, MINENTRANTS, MINLEVEL, REGIONLOCALIZATION, REWARDMODE1, REWARDMODE2, REWARDMODE3, TIMELIMIT, TRACKLAYOUTMAP, TRACKLOCALIZATION) VALUES (47, 607077938, 0, 4114.5068359375, 952.6956787109375, 44.995140075683594, 953953225, 1204604434, 'GameModeIcon_Sprint', 9, -1152300457, 'true', 'false', 0, 0, 999, 6, 60, 0, 2, 2, 0, 1, 2, 3, 0, 'noob4', -491522155);
INSERT INTO SOAPBOX.EVENTDEFINITION (EVENTID, CARCLASSHASH, COINS, ENGAGEPOINTX, ENGAGEPOINTY, ENGAGEPOINTZ, EVENTLOCALIZATION, EVENTMODEDESCRIPTIONLOCALIZATION, EVENTMODEICON, EVENTMODEID, EVENTMODELOCALIZATION, ISENABLED, ISLOCKED, LAPS, LENGTH, MAXCLASSRATING, MAXENTRANTS, MAXLEVEL, MINCLASSRATING, MINENTRANTS, MINLEVEL, REGIONLOCALIZATION, REWARDMODE1, REWARDMODE2, REWARDMODE3, TIMELIMIT, TRACKLAYOUTMAP, TRACKLOCALIZATION) VALUES (52, 872416321, 0, 4512.125, 2673.2548828125, 114.45210266113281, 953952266, 1634433605, 'GameModeIcon_Circuit', 4, 1165983530, 'true', 'false', 2, 0, 249, 6, 60, 0, 2, 2, 1186945800, 1, 2, 3, 0, 'ct.3.1', 953952266);
INSERT INTO SOAPBOX.EVENTDEFINITION (EVENTID, CARCLASSHASH, COINS, ENGAGEPOINTX, ENGAGEPOINTY, ENGAGEPOINTZ, EVENTLOCALIZATION, EVENTMODEDESCRIPTIONLOCALIZATION, EVENTMODEICON, EVENTMODEID, EVENTMODELOCALIZATION, ISENABLED, ISLOCKED, LAPS, LENGTH, MAXCLASSRATING, MAXENTRANTS, MAXLEVEL, MINCLASSRATING, MINENTRANTS, MINLEVEL, REGIONLOCALIZATION, REWARDMODE1, REWARDMODE2, REWARDMODE3, TIMELIMIT, TRACKLAYOUTMAP, TRACKLOCALIZATION) VALUES (55, 607077938, 0, 4875.31494140625, 3039.424072265625, 120.68209838867188, 953952298, 1634433605, 'GameModeIcon_Circuit', 4, 1165983530, 'true', 'false', 2, 0, 999, 6, 60, 0, 2, 2, 1186945800, 1, 2, 3, 0, 'ct.5.3', 953952298);
INSERT INTO SOAPBOX.EVENTDEFINITION (EVENTID, CARCLASSHASH, COINS, ENGAGEPOINTX, ENGAGEPOINTY, ENGAGEPOINTZ, EVENTLOCALIZATION, EVENTMODEDESCRIPTIONLOCALIZATION, EVENTMODEICON, EVENTMODEID, EVENTMODELOCALIZATION, ISENABLED, ISLOCKED, LAPS, LENGTH, MAXCLASSRATING, MAXENTRANTS, MAXLEVEL, MINCLASSRATING, MINENTRANTS, MINLEVEL, REGIONLOCALIZATION, REWARDMODE1, REWARDMODE2, REWARDMODE3, TIMELIMIT, TRACKLAYOUTMAP, TRACKLOCALIZATION) VALUES (60, 607077938, 0, 6071.1630859375, 2607.0009765625, 188.39129638671875, 953953221, -86595550, 'GameModeIcon_MeetingPlace', 22, -552266715, 'true', 'false', 0, 99, 999, 6, 60, 0, 2, 2, 0, 1, 2, 3, 0, 'mp.1.0', -350137846);
INSERT INTO SOAPBOX.EVENTDEFINITION (EVENTID, CARCLASSHASH, COINS, ENGAGEPOINTX, ENGAGEPOINTY, ENGAGEPOINTZ, EVENTLOCALIZATION, EVENTMODEDESCRIPTIONLOCALIZATION, EVENTMODEICON, EVENTMODEID, EVENTMODELOCALIZATION, ISENABLED, ISLOCKED, LAPS, LENGTH, MAXCLASSRATING, MAXENTRANTS, MAXLEVEL, MINCLASSRATING, MINENTRANTS, MINLEVEL, REGIONLOCALIZATION, REWARDMODE1, REWARDMODE2, REWARDMODE3, TIMELIMIT, TRACKLAYOUTMAP, TRACKLOCALIZATION) VALUES (61, 607077938, 0, 4967.1572265625, 1407.22802734375, 64.224609375, 953953230, 1634433605, 'GameModeIcon_Circuit', 4, 1165983530, 'true', 'false', 2, 0, 999, 6, 60, 0, 2, 2, 0, 1, 2, 3, 0, 'cs.12.1', 1745304098);
INSERT INTO SOAPBOX.EVENTDEFINITION (EVENTID, CARCLASSHASH, COINS, ENGAGEPOINTX, ENGAGEPOINTY, ENGAGEPOINTZ, EVENTLOCALIZATION, EVENTMODEDESCRIPTIONLOCALIZATION, EVENTMODEICON, EVENTMODEID, EVENTMODELOCALIZATION, ISENABLED, ISLOCKED, LAPS, LENGTH, MAXCLASSRATING, MAXENTRANTS, MAXLEVEL, MINCLASSRATING, MINENTRANTS, MINLEVEL, REGIONLOCALIZATION, REWARDMODE1, REWARDMODE2, REWARDMODE3, TIMELIMIT, TRACKLAYOUTMAP, TRACKLOCALIZATION) VALUES (79, 607077938, 0, 4757.39306640625, 739.0576171875, 44.51708984375, 953952105, 1634433605, 'GameModeIcon_Circuit', 4, 1165983530, 'true', 'false', 2, 6, 999, 6, 60, 0, 2, 2, 0, 1, 2, 3, 0, 'tn.3.1', 953952105);
INSERT INTO SOAPBOX.EVENTDEFINITION (EVENTID, CARCLASSHASH, COINS, ENGAGEPOINTX, ENGAGEPOINTY, ENGAGEPOINTZ, EVENTLOCALIZATION, EVENTMODEDESCRIPTIONLOCALIZATION, EVENTMODEICON, EVENTMODEID, EVENTMODELOCALIZATION, ISENABLED, ISLOCKED, LAPS, LENGTH, MAXCLASSRATING, MAXENTRANTS, MAXLEVEL, MINCLASSRATING, MINENTRANTS, MINLEVEL, REGIONLOCALIZATION, REWARDMODE1, REWARDMODE2, REWARDMODE3, TIMELIMIT, TRACKLAYOUTMAP, TRACKLOCALIZATION) VALUES (81, 607077938, 0, 5368.68798828125, 955.2266845703125, 56.529788970947266, 953952107, 1204604434, 'GameModeIcon_Sprint', 9, -1152300457, 'true', 'false', 0, 0, 999, 6, 60, 0, 2, 2, 0, 1, 2, 3, 0, 'tn.4.1', 953952107);
INSERT INTO SOAPBOX.EVENTDEFINITION (EVENTID, CARCLASSHASH, COINS, ENGAGEPOINTX, ENGAGEPOINTY, ENGAGEPOINTZ, EVENTLOCALIZATION, EVENTMODEDESCRIPTIONLOCALIZATION, EVENTMODEICON, EVENTMODEID, EVENTMODELOCALIZATION, ISENABLED, ISLOCKED, LAPS, LENGTH, MAXCLASSRATING, MAXENTRANTS, MAXLEVEL, MINCLASSRATING, MINENTRANTS, MINLEVEL, REGIONLOCALIZATION, REWARDMODE1, REWARDMODE2, REWARDMODE3, TIMELIMIT, TRACKLAYOUTMAP, TRACKLOCALIZATION) VALUES (83, 607077938, 0, 7819.837890625, 79.52777099609375, 95.46190643310547, 953952206, 1634433605, 'GameModeIcon_Circuit', 4, 1165983530, 'true', 'false', 2, 0, 999, 6, 60, 0, 2, 2, 0, 1, 2, 3, 0, '83', -1187997514);
INSERT INTO SOAPBOX.EVENTDEFINITION (EVENTID, CARCLASSHASH, COINS, ENGAGEPOINTX, ENGAGEPOINTY, ENGAGEPOINTZ, EVENTLOCALIZATION, EVENTMODEDESCRIPTIONLOCALIZATION, EVENTMODEICON, EVENTMODEID, EVENTMODELOCALIZATION, ISENABLED, ISLOCKED, LAPS, LENGTH, MAXCLASSRATING, MAXENTRANTS, MAXLEVEL, MINCLASSRATING, MINENTRANTS, MINLEVEL, REGIONLOCALIZATION, REWARDMODE1, REWARDMODE2, REWARDMODE3, TIMELIMIT, TRACKLAYOUTMAP, TRACKLOCALIZATION) VALUES (85, -406473455, 0, 6199.73388671875, -768.4365234375, 117.50779724121094, 953953328, 1204604434, 'GameModeIcon_Sprint', 9, -1152300457, 'true', 'false', 0, 0, 599, 6, 60, 500, 2, 2, 0, 1, 2, 3, 0, '85', -1187997514);
INSERT INTO SOAPBOX.EVENTDEFINITION (EVENTID, CARCLASSHASH, COINS, ENGAGEPOINTX, ENGAGEPOINTY, ENGAGEPOINTZ, EVENTLOCALIZATION, EVENTMODEDESCRIPTIONLOCALIZATION, EVENTMODEICON, EVENTMODEID, EVENTMODELOCALIZATION, ISENABLED, ISLOCKED, LAPS, LENGTH, MAXCLASSRATING, MAXENTRANTS, MAXLEVEL, MINCLASSRATING, MINENTRANTS, MINLEVEL, REGIONLOCALIZATION, REWARDMODE1, REWARDMODE2, REWARDMODE3, TIMELIMIT, TRACKLAYOUTMAP, TRACKLOCALIZATION) VALUES (98, 607077938, 0, 0.0, 0.0, 0.0, 953953357, 1204604434, 'GameModeIcon_Sprint', 9, -1152300457, 'true', 'false', 0, 0, 999, 6, 60, 0, 2, 2, 0, 1, 2, 3, 0, '98', -1187997514);
INSERT INTO SOAPBOX.EVENTDEFINITION (EVENTID, CARCLASSHASH, COINS, ENGAGEPOINTX, ENGAGEPOINTY, ENGAGEPOINTZ, EVENTLOCALIZATION, EVENTMODEDESCRIPTIONLOCALIZATION, EVENTMODEICON, EVENTMODEID, EVENTMODELOCALIZATION, ISENABLED, ISLOCKED, LAPS, LENGTH, MAXCLASSRATING, MAXENTRANTS, MAXLEVEL, MINCLASSRATING, MINENTRANTS, MINLEVEL, REGIONLOCALIZATION, REWARDMODE1, REWARDMODE2, REWARDMODE3, TIMELIMIT, TRACKLAYOUTMAP, TRACKLOCALIZATION) VALUES (145, 1866825865, 0, 6913.47900390625, -93.90548706054688, 111.8427963256836, 953953295, 1634433605, 'GameModeIcon_Circuit', 4, 1165983530, 'true', 'false', 2, 0, 499, 6, 60, 400, 2, 2, 0, 1, 2, 3, 0, '145', -1187997514);
INSERT INTO SOAPBOX.EVENTDEFINITION (EVENTID, CARCLASSHASH, COINS, ENGAGEPOINTX, ENGAGEPOINTY, ENGAGEPOINTZ, EVENTLOCALIZATION, EVENTMODEDESCRIPTIONLOCALIZATION, EVENTMODEICON, EVENTMODEID, EVENTMODELOCALIZATION, ISENABLED, ISLOCKED, LAPS, LENGTH, MAXCLASSRATING, MAXENTRANTS, MAXLEVEL, MINCLASSRATING, MINENTRANTS, MINLEVEL, REGIONLOCALIZATION, REWARDMODE1, REWARDMODE2, REWARDMODE3, TIMELIMIT, TRACKLAYOUTMAP, TRACKLOCALIZATION) VALUES (146, 607077938, 0, 7298.02197265625, 938.927001953125, 130.5106964111328, 953952140, 1204604434, 'GameModeIcon_Sprint', 9, -1152300457, 'true', 'false', 0, 0, 999, 6, 60, 0, 2, 2, 0, 1, 2, 3, 0, '146', 953952140);
INSERT INTO SOAPBOX.EVENTDEFINITION (EVENTID, CARCLASSHASH, COINS, ENGAGEPOINTX, ENGAGEPOINTY, ENGAGEPOINTZ, EVENTLOCALIZATION, EVENTMODEDESCRIPTIONLOCALIZATION, EVENTMODEICON, EVENTMODEID, EVENTMODELOCALIZATION, ISENABLED, ISLOCKED, LAPS, LENGTH, MAXCLASSRATING, MAXENTRANTS, MAXLEVEL, MINCLASSRATING, MINENTRANTS, MINLEVEL, REGIONLOCALIZATION, REWARDMODE1, REWARDMODE2, REWARDMODE3, TIMELIMIT, TRACKLAYOUTMAP, TRACKLOCALIZATION) VALUES (287, 1866825865, 0, 1421.7430419921875, 1608.4339599609375, 143.1273956298828, 953953291, 1634433605, 'GameModeIcon_Circuit', 4, 1165983530, 'true', 'false', 2, 0, 499, 6, 60, 400, 2, 2, 0, 1, 2, 3, 0, '287', 1745305185);
INSERT INTO SOAPBOX.EVENTDEFINITION (EVENTID, CARCLASSHASH, COINS, ENGAGEPOINTX, ENGAGEPOINTY, ENGAGEPOINTZ, EVENTLOCALIZATION, EVENTMODEDESCRIPTIONLOCALIZATION, EVENTMODEICON, EVENTMODEID, EVENTMODELOCALIZATION, ISENABLED, ISLOCKED, LAPS, LENGTH, MAXCLASSRATING, MAXENTRANTS, MAXLEVEL, MINCLASSRATING, MINENTRANTS, MINLEVEL, REGIONLOCALIZATION, REWARDMODE1, REWARDMODE2, REWARDMODE3, TIMELIMIT, TRACKLAYOUTMAP, TRACKLOCALIZATION) VALUES (292, 872416321, 0, 1671.72802734375, 1324.6719970703125, 124.47750091552734, 953953296, 1204604434, 'GameModeIcon_Sprint', 9, -1152300457, 'true', 'false', 0, 0, 249, 6, 60, 0, 2, 2, 0, 1, 2, 3, 0, '292', 1745304294);
INSERT INTO SOAPBOX.EVENTDEFINITION (EVENTID, CARCLASSHASH, COINS, ENGAGEPOINTX, ENGAGEPOINTY, ENGAGEPOINTZ, EVENTLOCALIZATION, EVENTMODEDESCRIPTIONLOCALIZATION, EVENTMODEICON, EVENTMODEID, EVENTMODELOCALIZATION, ISENABLED, ISLOCKED, LAPS, LENGTH, MAXCLASSRATING, MAXENTRANTS, MAXLEVEL, MINCLASSRATING, MINENTRANTS, MINLEVEL, REGIONLOCALIZATION, REWARDMODE1, REWARDMODE2, REWARDMODE3, TIMELIMIT, TRACKLAYOUTMAP, TRACKLOCALIZATION) VALUES (298, 607077938, 0, 2812.0810546875, 942.3740844726562, 11.685540199279785, 953952135, 1634433605, 'GameModeIcon_Circuit', 4, 1165983530, 'true', 'false', 2, 0, 999, 6, 60, 0, 2, 2, 0, 1, 2, 3, 0, '298', 1745304063);
INSERT INTO SOAPBOX.EVENTDEFINITION (EVENTID, CARCLASSHASH, COINS, ENGAGEPOINTX, ENGAGEPOINTY, ENGAGEPOINTZ, EVENTLOCALIZATION, EVENTMODEDESCRIPTIONLOCALIZATION, EVENTMODEICON, EVENTMODEID, EVENTMODELOCALIZATION, ISENABLED, ISLOCKED, LAPS, LENGTH, MAXCLASSRATING, MAXENTRANTS, MAXLEVEL, MINCLASSRATING, MINENTRANTS, MINLEVEL, REGIONLOCALIZATION, REWARDMODE1, REWARDMODE2, REWARDMODE3, TIMELIMIT, TRACKLAYOUTMAP, TRACKLOCALIZATION) VALUES (302, 415909161, 0, 2758.23095703125, -1181.7679443359375, 11.922849655151367, 953953322, 1634433605, 'GameModeIcon_Circuit', 4, 1165983530, 'true', 'false', 2, 0, 399, 6, 60, 250, 2, 2, 0, 1, 2, 3, 0, '302', 1745304001);
INSERT INTO SOAPBOX.EVENTDEFINITION (EVENTID, CARCLASSHASH, COINS, ENGAGEPOINTX, ENGAGEPOINTY, ENGAGEPOINTZ, EVENTLOCALIZATION, EVENTMODEDESCRIPTIONLOCALIZATION, EVENTMODEICON, EVENTMODEID, EVENTMODELOCALIZATION, ISENABLED, ISLOCKED, LAPS, LENGTH, MAXCLASSRATING, MAXENTRANTS, MAXLEVEL, MINCLASSRATING, MINENTRANTS, MINLEVEL, REGIONLOCALIZATION, REWARDMODE1, REWARDMODE2, REWARDMODE3, TIMELIMIT, TRACKLAYOUTMAP, TRACKLOCALIZATION) VALUES (305, 415909161, 0, 4007.181884765625, -593.3875732421875, 32.088871002197266, 953953323, 1204604434, 'GameModeIcon_Sprint', 9, -1152300457, 'true', 'false', 0, 0, 399, 6, 60, 250, 2, 2, 0, 1, 2, 3, 0, '305', 1745305187);
INSERT INTO SOAPBOX.EVENTDEFINITION (EVENTID, CARCLASSHASH, COINS, ENGAGEPOINTX, ENGAGEPOINTY, ENGAGEPOINTZ, EVENTLOCALIZATION, EVENTMODEDESCRIPTIONLOCALIZATION, EVENTMODEICON, EVENTMODEID, EVENTMODELOCALIZATION, ISENABLED, ISLOCKED, LAPS, LENGTH, MAXCLASSRATING, MAXENTRANTS, MAXLEVEL, MINCLASSRATING, MINENTRANTS, MINLEVEL, REGIONLOCALIZATION, REWARDMODE1, REWARDMODE2, REWARDMODE3, TIMELIMIT, TRACKLAYOUTMAP, TRACKLOCALIZATION) VALUES (308, -406473455, 0, 4226.30810546875, -775.6898803710938, 32.1650390625, 953953421, 1634433605, 'GameModeIcon_Circuit', 4, 1165983530, 'true', 'false', 2, 11, 599, 6, 60, 500, 2, 2, 0, 1, 2, 3, 0, '308', 1745304196);
INSERT INTO SOAPBOX.EVENTDEFINITION (EVENTID, CARCLASSHASH, COINS, ENGAGEPOINTX, ENGAGEPOINTY, ENGAGEPOINTZ, EVENTLOCALIZATION, EVENTMODEDESCRIPTIONLOCALIZATION, EVENTMODEICON, EVENTMODEID, EVENTMODELOCALIZATION, ISENABLED, ISLOCKED, LAPS, LENGTH, MAXCLASSRATING, MAXENTRANTS, MAXLEVEL, MINCLASSRATING, MINENTRANTS, MINLEVEL, REGIONLOCALIZATION, REWARDMODE1, REWARDMODE2, REWARDMODE3, TIMELIMIT, TRACKLAYOUTMAP, TRACKLOCALIZATION) VALUES (355, 607077938, 0, 4745.0, 733.0, 45.0, 953953262, 1634433605, 'GameModeIcon_Circuit', 4, 1165983530, 'true', 'false', 2, 6, 999, 6, 60, 0, 2, 2, 0, 1, 2, 3, 0, 'tn.3.1', 953952105);
INSERT INTO SOAPBOX.EVENTDEFINITION (EVENTID, CARCLASSHASH, COINS, ENGAGEPOINTX, ENGAGEPOINTY, ENGAGEPOINTZ, EVENTLOCALIZATION, EVENTMODEDESCRIPTIONLOCALIZATION, EVENTMODEICON, EVENTMODEID, EVENTMODELOCALIZATION, ISENABLED, ISLOCKED, LAPS, LENGTH, MAXCLASSRATING, MAXENTRANTS, MAXLEVEL, MINCLASSRATING, MINENTRANTS, MINLEVEL, REGIONLOCALIZATION, REWARDMODE1, REWARDMODE2, REWARDMODE3, TIMELIMIT, TRACKLAYOUTMAP, TRACKLOCALIZATION) VALUES (357, 1866825865, 0, 7841.0, 3095.0, 165.0, 953953289, 1713847726, 'GameModeIcon_Pursuit_MP', 24, 1245397651, 'true', 'false', 0, 0, 499, 4, 60, 400, 2, 2, 0, 2, 3, 0, 390, 'trackmap_Unavailable', 0);
INSERT INTO SOAPBOX.EVENTDEFINITION (EVENTID, CARCLASSHASH, COINS, ENGAGEPOINTX, ENGAGEPOINTY, ENGAGEPOINTZ, EVENTLOCALIZATION, EVENTMODEDESCRIPTIONLOCALIZATION, EVENTMODEICON, EVENTMODEID, EVENTMODELOCALIZATION, ISENABLED, ISLOCKED, LAPS, LENGTH, MAXCLASSRATING, MAXENTRANTS, MAXLEVEL, MINCLASSRATING, MINENTRANTS, MINLEVEL, REGIONLOCALIZATION, REWARDMODE1, REWARDMODE2, REWARDMODE3, TIMELIMIT, TRACKLAYOUTMAP, TRACKLOCALIZATION) VALUES (362, 607077938, 0, 9888.0, -102.0, 20.0, 953953290, 1634433605, 'GameModeIcon_Circuit', 4, 1165983530, 'true', 'false', 2, 0, 999, 6, 60, 0, 2, 1, 0, 1, 2, 3, 0, '362', 0);
INSERT INTO SOAPBOX.EVENTDEFINITION (EVENTID, CARCLASSHASH, COINS, ENGAGEPOINTX, ENGAGEPOINTY, ENGAGEPOINTZ, EVENTLOCALIZATION, EVENTMODEDESCRIPTIONLOCALIZATION, EVENTMODEICON, EVENTMODEID, EVENTMODELOCALIZATION, ISENABLED, ISLOCKED, LAPS, LENGTH, MAXCLASSRATING, MAXENTRANTS, MAXLEVEL, MINCLASSRATING, MINENTRANTS, MINLEVEL, REGIONLOCALIZATION, REWARDMODE1, REWARDMODE2, REWARDMODE3, TIMELIMIT, TRACKLAYOUTMAP, TRACKLOCALIZATION) VALUES (367, 607077938, 0, 6849.0, 1735.0, 157.0, 953953326, 1204604434, 'GameModeIcon_Sprint', 9, -1152300457, 'true', 'false', 0, 0, 999, 6, 60, 0, 2, 2, 0, 1, 2, 3, 0, '367', 0);
INSERT INTO SOAPBOX.EVENTDEFINITION (EVENTID, CARCLASSHASH, COINS, ENGAGEPOINTX, ENGAGEPOINTY, ENGAGEPOINTZ, EVENTLOCALIZATION, EVENTMODEDESCRIPTIONLOCALIZATION, EVENTMODEICON, EVENTMODEID, EVENTMODELOCALIZATION, ISENABLED, ISLOCKED, LAPS, LENGTH, MAXCLASSRATING, MAXENTRANTS, MAXLEVEL, MINCLASSRATING, MINENTRANTS, MINLEVEL, REGIONLOCALIZATION, REWARDMODE1, REWARDMODE2, REWARDMODE3, TIMELIMIT, TRACKLAYOUTMAP, TRACKLOCALIZATION) VALUES (368, -405837480, 0, 0.0, 0.0, 0.0, 953954279, 1713847726, 'GameModeIcon_Pursuit_MP', 24, 1245397651, 'true', 'false', 0, 0, 749, 4, 60, 600, 2, 2, 0, 2, 3, 0, 390, 'trackmap_Unavailable', 0);
INSERT INTO SOAPBOX.EVENTDEFINITION (EVENTID, CARCLASSHASH, COINS, ENGAGEPOINTX, ENGAGEPOINTY, ENGAGEPOINTZ, EVENTLOCALIZATION, EVENTMODEDESCRIPTIONLOCALIZATION, EVENTMODEICON, EVENTMODEID, EVENTMODELOCALIZATION, ISENABLED, ISLOCKED, LAPS, LENGTH, MAXCLASSRATING, MAXENTRANTS, MAXLEVEL, MINCLASSRATING, MINENTRANTS, MINLEVEL, REGIONLOCALIZATION, REWARDMODE1, REWARDMODE2, REWARDMODE3, TIMELIMIT, TRACKLAYOUTMAP, TRACKLOCALIZATION) VALUES (370, -406473455, 0, 1863.3270263671875, 1029.6820068359375, 84.33393859863281, 953954284, 1713847726, 'GameModeIcon_Pursuit_MP', 24, 1245397651, 'true', 'false', 0, 0, 599, 4, 60, 500, 2, 2, 0, 2, 3, 0, 450, 'trackmap_Unavailable', 0);
INSERT INTO SOAPBOX.EVENTDEFINITION (EVENTID, CARCLASSHASH, COINS, ENGAGEPOINTX, ENGAGEPOINTY, ENGAGEPOINTZ, EVENTLOCALIZATION, EVENTMODEDESCRIPTIONLOCALIZATION, EVENTMODEICON, EVENTMODEID, EVENTMODELOCALIZATION, ISENABLED, ISLOCKED, LAPS, LENGTH, MAXCLASSRATING, MAXENTRANTS, MAXLEVEL, MINCLASSRATING, MINENTRANTS, MINLEVEL, REGIONLOCALIZATION, REWARDMODE1, REWARDMODE2, REWARDMODE3, TIMELIMIT, TRACKLAYOUTMAP, TRACKLOCALIZATION) VALUES (374, 607077938, 0, 0.0, 0.0, 0.0, 953954280, -86595550, 'GameModeIcon_MeetingPlace', 22, -552266715, 'true', 'false', 0, 0, 999, 2, 60, 0, 2, 2, 0, 1, 2, 3, 0, 'overlook_128', 0);
INSERT INTO SOAPBOX.EVENTDEFINITION (EVENTID, CARCLASSHASH, COINS, ENGAGEPOINTX, ENGAGEPOINTY, ENGAGEPOINTZ, EVENTLOCALIZATION, EVENTMODEDESCRIPTIONLOCALIZATION, EVENTMODEICON, EVENTMODEID, EVENTMODELOCALIZATION, ISENABLED, ISLOCKED, LAPS, LENGTH, MAXCLASSRATING, MAXENTRANTS, MAXLEVEL, MINCLASSRATING, MINENTRANTS, MINLEVEL, REGIONLOCALIZATION, REWARDMODE1, REWARDMODE2, REWARDMODE3, TIMELIMIT, TRACKLAYOUTMAP, TRACKLOCALIZATION) VALUES (375, 872416321, 0, 0.0, 0.0, 0.0, 953954281, 1713847726, 'GameModeIcon_Pursuit_MP', 24, 1245397651, 'true', 'false', 0, 0, 249, 4, 60, 0, 2, 2, 0, 2, 3, 0, 285, 'trackmap_Unavailable', 0);
INSERT INTO SOAPBOX.EVENTDEFINITION (EVENTID, CARCLASSHASH, COINS, ENGAGEPOINTX, ENGAGEPOINTY, ENGAGEPOINTZ, EVENTLOCALIZATION, EVENTMODEDESCRIPTIONLOCALIZATION, EVENTMODEICON, EVENTMODEID, EVENTMODELOCALIZATION, ISENABLED, ISLOCKED, LAPS, LENGTH, MAXCLASSRATING, MAXENTRANTS, MAXLEVEL, MINCLASSRATING, MINENTRANTS, MINLEVEL, REGIONLOCALIZATION, REWARDMODE1, REWARDMODE2, REWARDMODE3, TIMELIMIT, TRACKLAYOUTMAP, TRACKLOCALIZATION) VALUES (376, -2142411446, 0, 0.0, 0.0, 0.0, 953954285, 1713847726, 'GameModeIcon_Pursuit_MP', 24, 1245397651, 'true', 'false', 0, 0, 999, 4, 60, 750, 2, 2, 0, 2, 3, 0, 405, 'trackmap_Unavailable', 0);
INSERT INTO SOAPBOX.EVENTDEFINITION (EVENTID, CARCLASSHASH, COINS, ENGAGEPOINTX, ENGAGEPOINTY, ENGAGEPOINTZ, EVENTLOCALIZATION, EVENTMODEDESCRIPTIONLOCALIZATION, EVENTMODEICON, EVENTMODEID, EVENTMODELOCALIZATION, ISENABLED, ISLOCKED, LAPS, LENGTH, MAXCLASSRATING, MAXENTRANTS, MAXLEVEL, MINCLASSRATING, MINENTRANTS, MINLEVEL, REGIONLOCALIZATION, REWARDMODE1, REWARDMODE2, REWARDMODE3, TIMELIMIT, TRACKLAYOUTMAP, TRACKLOCALIZATION) VALUES (377, 415909161, 0, 0.0, 0.0, 0.0, 953954286, 1713847726, 'GameModeIcon_Pursuit_MP', 24, 1245397651, 'true', 'false', 0, 0, 399, 4, 60, 250, 2, 2, 0, 2, 3, 0, 360, 'trackmap_Unavailable', 0);
INSERT INTO SOAPBOX.EVENTDEFINITION (EVENTID, CARCLASSHASH, COINS, ENGAGEPOINTX, ENGAGEPOINTY, ENGAGEPOINTZ, EVENTLOCALIZATION, EVENTMODEDESCRIPTIONLOCALIZATION, EVENTMODEICON, EVENTMODEID, EVENTMODELOCALIZATION, ISENABLED, ISLOCKED, LAPS, LENGTH, MAXCLASSRATING, MAXENTRANTS, MAXLEVEL, MINCLASSRATING, MINENTRANTS, MINLEVEL, REGIONLOCALIZATION, REWARDMODE1, REWARDMODE2, REWARDMODE3, TIMELIMIT, TRACKLAYOUTMAP, TRACKLOCALIZATION) VALUES (378, 607077938, 0, 0.0, 0.0, 0.0, 953954282, -86595550, 'GameModeIcon_MeetingPlace', 22, -552266715, 'true', 'false', 0, 0, 999, 6, 60, 0, 2, 2, 0, 1, 2, 3, 0, '378', 0);
INSERT INTO SOAPBOX.EVENTDEFINITION (EVENTID, CARCLASSHASH, COINS, ENGAGEPOINTX, ENGAGEPOINTY, ENGAGEPOINTZ, EVENTLOCALIZATION, EVENTMODEDESCRIPTIONLOCALIZATION, EVENTMODEICON, EVENTMODEID, EVENTMODELOCALIZATION, ISENABLED, ISLOCKED, LAPS, LENGTH, MAXCLASSRATING, MAXENTRANTS, MAXLEVEL, MINCLASSRATING, MINENTRANTS, MINLEVEL, REGIONLOCALIZATION, REWARDMODE1, REWARDMODE2, REWARDMODE3, TIMELIMIT, TRACKLAYOUTMAP, TRACKLOCALIZATION) VALUES (379, 607077938, 0, 0.0, 0.0, 0.0, 953954283, 1204604434, 'GameModeIcon_Sprint', 9, -1152300457, 'true', 'false', 0, 0, 999, 6, 60, 0, 2, 2, 0, 1, 2, 3, 0, '379', 0);
INSERT INTO SOAPBOX.EVENTDEFINITION (EVENTID, CARCLASSHASH, COINS, ENGAGEPOINTX, ENGAGEPOINTY, ENGAGEPOINTZ, EVENTLOCALIZATION, EVENTMODEDESCRIPTIONLOCALIZATION, EVENTMODEICON, EVENTMODEID, EVENTMODELOCALIZATION, ISENABLED, ISLOCKED, LAPS, LENGTH, MAXCLASSRATING, MAXENTRANTS, MAXLEVEL, MINCLASSRATING, MINENTRANTS, MINLEVEL, REGIONLOCALIZATION, REWARDMODE1, REWARDMODE2, REWARDMODE3, TIMELIMIT, TRACKLAYOUTMAP, TRACKLOCALIZATION) VALUES (383, 607077938, 0, 0.0, 0.0, 0.0, -446317702, -663786341, 'GameModeIcon_Pursuit_SP', 12, 1078905152, 'true', 'false', 0, 0, 999, 1, 60, 0, 1, 2, 0, 1, 0, 0, 0, 'trackmap_Unavailable', 1078905152);
INSERT INTO SOAPBOX.EVENTDEFINITION (EVENTID, CARCLASSHASH, COINS, ENGAGEPOINTX, ENGAGEPOINTY, ENGAGEPOINTZ, EVENTLOCALIZATION, EVENTMODEDESCRIPTIONLOCALIZATION, EVENTMODEICON, EVENTMODEID, EVENTMODELOCALIZATION, ISENABLED, ISLOCKED, LAPS, LENGTH, MAXCLASSRATING, MAXENTRANTS, MAXLEVEL, MINCLASSRATING, MINENTRANTS, MINLEVEL, REGIONLOCALIZATION, REWARDMODE1, REWARDMODE2, REWARDMODE3, TIMELIMIT, TRACKLAYOUTMAP, TRACKLOCALIZATION) VALUES (384, 607077938, 0, 0.0, 0.0, 0.0, 1318626521, -663786341, 'GameModeIcon_Pursuit_SP', 12, 1078905152, 'true', 'false', 0, 0, 999, 1, 60, 0, 1, 2, 0, 1, 0, 0, 0, 'trackmap_Unavailable', 1078905152);
INSERT INTO SOAPBOX.EVENTDEFINITION (EVENTID, CARCLASSHASH, COINS, ENGAGEPOINTX, ENGAGEPOINTY, ENGAGEPOINTZ, EVENTLOCALIZATION, EVENTMODEDESCRIPTIONLOCALIZATION, EVENTMODEICON, EVENTMODEID, EVENTMODELOCALIZATION, ISENABLED, ISLOCKED, LAPS, LENGTH, MAXCLASSRATING, MAXENTRANTS, MAXLEVEL, MINCLASSRATING, MINENTRANTS, MINLEVEL, REGIONLOCALIZATION, REWARDMODE1, REWARDMODE2, REWARDMODE3, TIMELIMIT, TRACKLAYOUTMAP, TRACKLOCALIZATION) VALUES (385, 607077938, 0, 0.0, 0.0, 0.0, -971809002, -663786341, 'GameModeIcon_Pursuit_SP', 12, 1078905152, 'true', 'false', 0, 0, 999, 1, 60, 0, 1, 2, 0, 1, 0, 0, 0, 'trackmap_Unavailable', 1078905152);
INSERT INTO SOAPBOX.EVENTDEFINITION (EVENTID, CARCLASSHASH, COINS, ENGAGEPOINTX, ENGAGEPOINTY, ENGAGEPOINTZ, EVENTLOCALIZATION, EVENTMODEDESCRIPTIONLOCALIZATION, EVENTMODEICON, EVENTMODEID, EVENTMODELOCALIZATION, ISENABLED, ISLOCKED, LAPS, LENGTH, MAXCLASSRATING, MAXENTRANTS, MAXLEVEL, MINCLASSRATING, MINENTRANTS, MINLEVEL, REGIONLOCALIZATION, REWARDMODE1, REWARDMODE2, REWARDMODE3, TIMELIMIT, TRACKLAYOUTMAP, TRACKLOCALIZATION) VALUES (386, 607077938, 0, 0.0, 0.0, 0.0, 1815554881, -663786341, 'GameModeIcon_Pursuit_SP', 12, 1078905152, 'true', 'false', 0, 0, 999, 1, 60, 0, 1, 2, 0, 1, 0, 0, 0, 'trackmap_Unavailable', 1078905152);
INSERT INTO SOAPBOX.EVENTDEFINITION (EVENTID, CARCLASSHASH, COINS, ENGAGEPOINTX, ENGAGEPOINTY, ENGAGEPOINTZ, EVENTLOCALIZATION, EVENTMODEDESCRIPTIONLOCALIZATION, EVENTMODEICON, EVENTMODEID, EVENTMODELOCALIZATION, ISENABLED, ISLOCKED, LAPS, LENGTH, MAXCLASSRATING, MAXENTRANTS, MAXLEVEL, MINCLASSRATING, MINENTRANTS, MINLEVEL, REGIONLOCALIZATION, REWARDMODE1, REWARDMODE2, REWARDMODE3, TIMELIMIT, TRACKLAYOUTMAP, TRACKLOCALIZATION) VALUES (387, 607077938, 0, 0.0, 0.0, 0.0, -1501954707, -663786341, 'GameModeIcon_Pursuit_SP', 12, 1078905152, 'true', 'false', 0, 0, 999, 1, 60, 0, 1, 2, 0, 1, 0, 0, 0, 'trackmap_Unavailable', 1078905152);
INSERT INTO SOAPBOX.EVENTDEFINITION (EVENTID, CARCLASSHASH, COINS, ENGAGEPOINTX, ENGAGEPOINTY, ENGAGEPOINTZ, EVENTLOCALIZATION, EVENTMODEDESCRIPTIONLOCALIZATION, EVENTMODEICON, EVENTMODEID, EVENTMODELOCALIZATION, ISENABLED, ISLOCKED, LAPS, LENGTH, MAXCLASSRATING, MAXENTRANTS, MAXLEVEL, MINCLASSRATING, MINENTRANTS, MINLEVEL, REGIONLOCALIZATION, REWARDMODE1, REWARDMODE2, REWARDMODE3, TIMELIMIT, TRACKLAYOUTMAP, TRACKLOCALIZATION) VALUES (388, 607077938, 0, 0.0, 0.0, 0.0, -2121256913, -663786341, 'GameModeIcon_Pursuit_SP', 12, 1078905152, 'true', 'false', 0, 0, 999, 1, 60, 0, 1, 2, 0, 1, 0, 0, 0, 'trackmap_Unavailable', 1078905152);
INSERT INTO SOAPBOX.EVENTDEFINITION (EVENTID, CARCLASSHASH, COINS, ENGAGEPOINTX, ENGAGEPOINTY, ENGAGEPOINTZ, EVENTLOCALIZATION, EVENTMODEDESCRIPTIONLOCALIZATION, EVENTMODEICON, EVENTMODEID, EVENTMODELOCALIZATION, ISENABLED, ISLOCKED, LAPS, LENGTH, MAXCLASSRATING, MAXENTRANTS, MAXLEVEL, MINCLASSRATING, MINENTRANTS, MINLEVEL, REGIONLOCALIZATION, REWARDMODE1, REWARDMODE2, REWARDMODE3, TIMELIMIT, TRACKLAYOUTMAP, TRACKLOCALIZATION) VALUES (389, 607077938, 0, 0.0, 0.0, 0.0, 1804526371, -663786341, 'GameModeIcon_Pursuit_SP', 12, 1078905152, 'true', 'false', 0, 0, 999, 1, 60, 0, 1, 2, 0, 1, 0, 0, 0, 'trackmap_Unavailable', 1078905152);
INSERT INTO SOAPBOX.EVENTDEFINITION (EVENTID, CARCLASSHASH, COINS, ENGAGEPOINTX, ENGAGEPOINTY, ENGAGEPOINTZ, EVENTLOCALIZATION, EVENTMODEDESCRIPTIONLOCALIZATION, EVENTMODEICON, EVENTMODEID, EVENTMODELOCALIZATION, ISENABLED, ISLOCKED, LAPS, LENGTH, MAXCLASSRATING, MAXENTRANTS, MAXLEVEL, MINCLASSRATING, MINENTRANTS, MINLEVEL, REGIONLOCALIZATION, REWARDMODE1, REWARDMODE2, REWARDMODE3, TIMELIMIT, TRACKLAYOUTMAP, TRACKLOCALIZATION) VALUES (392, 607077938, 0, 0.0, 0.0, 0.0, 953954310, 1713847726, 'GameModeIcon_Pursuit_MP', 24, 1245397651, 'true', 'false', 0, 0, 999, 2, 60, 0, 2, 2, 0, 2, 3, 0, 240, 'trackmap_Unavailable', 0);
INSERT INTO SOAPBOX.EVENTDEFINITION (EVENTID, CARCLASSHASH, COINS, ENGAGEPOINTX, ENGAGEPOINTY, ENGAGEPOINTZ, EVENTLOCALIZATION, EVENTMODEDESCRIPTIONLOCALIZATION, EVENTMODEICON, EVENTMODEID, EVENTMODELOCALIZATION, ISENABLED, ISLOCKED, LAPS, LENGTH, MAXCLASSRATING, MAXENTRANTS, MAXLEVEL, MINCLASSRATING, MINENTRANTS, MINLEVEL, REGIONLOCALIZATION, REWARDMODE1, REWARDMODE2, REWARDMODE3, TIMELIMIT, TRACKLAYOUTMAP, TRACKLOCALIZATION) VALUES (393, 607077938, 0, 0.0, 0.0, 0.0, 953954311, 1713847726, 'GameModeIcon_Pursuit_MP', 24, 1245397651, 'true', 'false', 0, 0, 999, 2, 60, 0, 2, 2, 0, 2, 3, 0, 210, 'trackmap_Unavailable', 0);
INSERT INTO SOAPBOX.EVENTDEFINITION (EVENTID, CARCLASSHASH, COINS, ENGAGEPOINTX, ENGAGEPOINTY, ENGAGEPOINTZ, EVENTLOCALIZATION, EVENTMODEDESCRIPTIONLOCALIZATION, EVENTMODEICON, EVENTMODEID, EVENTMODELOCALIZATION, ISENABLED, ISLOCKED, LAPS, LENGTH, MAXCLASSRATING, MAXENTRANTS, MAXLEVEL, MINCLASSRATING, MINENTRANTS, MINLEVEL, REGIONLOCALIZATION, REWARDMODE1, REWARDMODE2, REWARDMODE3, TIMELIMIT, TRACKLAYOUTMAP, TRACKLOCALIZATION) VALUES (500, 607077938, 0, 0.0, 0.0, 0.0, 953954314, 1298130000, 'GameModeIcon_Drag', 19, 1990101845, 'true', 'false', 0, 0, 999, 4, 60, 0, 2, 2, 0, 1, 2, 3, 0, 'Breakneck_128', 0);
INSERT INTO SOAPBOX.EVENTDEFINITION (EVENTID, CARCLASSHASH, COINS, ENGAGEPOINTX, ENGAGEPOINTY, ENGAGEPOINTZ, EVENTLOCALIZATION, EVENTMODEDESCRIPTIONLOCALIZATION, EVENTMODEICON, EVENTMODEID, EVENTMODELOCALIZATION, ISENABLED, ISLOCKED, LAPS, LENGTH, MAXCLASSRATING, MAXENTRANTS, MAXLEVEL, MINCLASSRATING, MINENTRANTS, MINLEVEL, REGIONLOCALIZATION, REWARDMODE1, REWARDMODE2, REWARDMODE3, TIMELIMIT, TRACKLAYOUTMAP, TRACKLOCALIZATION) VALUES (504, 607077938, 0, 0.0, 0.0, 0.0, 953954317, 1298130000, 'GameModeIcon_Drag', 19, 1990101845, 'true', 'false', 0, 0, 999, 4, 60, 0, 2, 2, 0, 1, 2, 3, 0, 'NeonCrossroads_128', 0);
INSERT INTO SOAPBOX.EVENTDEFINITION (EVENTID, CARCLASSHASH, COINS, ENGAGEPOINTX, ENGAGEPOINTY, ENGAGEPOINTZ, EVENTLOCALIZATION, EVENTMODEDESCRIPTIONLOCALIZATION, EVENTMODEICON, EVENTMODEID, EVENTMODELOCALIZATION, ISENABLED, ISLOCKED, LAPS, LENGTH, MAXCLASSRATING, MAXENTRANTS, MAXLEVEL, MINCLASSRATING, MINENTRANTS, MINLEVEL, REGIONLOCALIZATION, REWARDMODE1, REWARDMODE2, REWARDMODE3, TIMELIMIT, TRACKLAYOUTMAP, TRACKLOCALIZATION) VALUES (510, 607077938, 0, 0.0, 0.0, 0.0, 953954345, 1298130000, 'GameModeIcon_Drag', 19, 1990101845, 'true', 'false', 0, 0, 999, 4, 60, 0, 2, 2, 0, 2, 3, 0, 0, 'trackmap_Unavailable', 0);
INSERT INTO SOAPBOX.EVENTDEFINITION (EVENTID, CARCLASSHASH, COINS, ENGAGEPOINTX, ENGAGEPOINTY, ENGAGEPOINTZ, EVENTLOCALIZATION, EVENTMODEDESCRIPTIONLOCALIZATION, EVENTMODEICON, EVENTMODEID, EVENTMODELOCALIZATION, ISENABLED, ISLOCKED, LAPS, LENGTH, MAXCLASSRATING, MAXENTRANTS, MAXLEVEL, MINCLASSRATING, MINENTRANTS, MINLEVEL, REGIONLOCALIZATION, REWARDMODE1, REWARDMODE2, REWARDMODE3, TIMELIMIT, TRACKLAYOUTMAP, TRACKLOCALIZATION) VALUES (511, -2142411446, 0, 0.0, 0.0, 0.0, 953954343, 1298130000, 'GameModeIcon_Drag', 19, 1990101845, 'true', 'false', 0, 0, 999, 2, 60, 750, 2, 2, 0, 2, 3, 0, 0, 'trackmap_Unavailable', 0);
INSERT INTO SOAPBOX.EVENTDEFINITION (EVENTID, CARCLASSHASH, COINS, ENGAGEPOINTX, ENGAGEPOINTY, ENGAGEPOINTZ, EVENTLOCALIZATION, EVENTMODEDESCRIPTIONLOCALIZATION, EVENTMODEICON, EVENTMODEID, EVENTMODELOCALIZATION, ISENABLED, ISLOCKED, LAPS, LENGTH, MAXCLASSRATING, MAXENTRANTS, MAXLEVEL, MINCLASSRATING, MINENTRANTS, MINLEVEL, REGIONLOCALIZATION, REWARDMODE1, REWARDMODE2, REWARDMODE3, TIMELIMIT, TRACKLAYOUTMAP, TRACKLOCALIZATION) VALUES (513, 1866825865, 0, 0.0, 0.0, 0.0, 953954346, 1298130000, 'GameModeIcon_Drag', 19, 1990101845, 'true', 'false', 0, 0, 499, 4, 60, 400, 2, 2, 0, 1, 2, 3, 0, 'trackmap_Unavailable', 0);
INSERT INTO SOAPBOX.EVENTDEFINITION (EVENTID, CARCLASSHASH, COINS, ENGAGEPOINTX, ENGAGEPOINTY, ENGAGEPOINTZ, EVENTLOCALIZATION, EVENTMODEDESCRIPTIONLOCALIZATION, EVENTMODEICON, EVENTMODEID, EVENTMODELOCALIZATION, ISENABLED, ISLOCKED, LAPS, LENGTH, MAXCLASSRATING, MAXENTRANTS, MAXLEVEL, MINCLASSRATING, MINENTRANTS, MINLEVEL, REGIONLOCALIZATION, REWARDMODE1, REWARDMODE2, REWARDMODE3, TIMELIMIT, TRACKLAYOUTMAP, TRACKLOCALIZATION) VALUES (517, 607077938, 0, 0.0, 0.0, 0.0, 953954348, 1298130000, 'GameModeIcon_Drag', 19, 1990101845, 'true', 'false', 0, 0, 999, 2, 60, 0, 2, 2, 0, 2, 3, 0, 0, 'trackmap_Unavailable', 0);
INSERT INTO SOAPBOX.EVENTDEFINITION (EVENTID, CARCLASSHASH, COINS, ENGAGEPOINTX, ENGAGEPOINTY, ENGAGEPOINTZ, EVENTLOCALIZATION, EVENTMODEDESCRIPTIONLOCALIZATION, EVENTMODEICON, EVENTMODEID, EVENTMODELOCALIZATION, ISENABLED, ISLOCKED, LAPS, LENGTH, MAXCLASSRATING, MAXENTRANTS, MAXLEVEL, MINCLASSRATING, MINENTRANTS, MINLEVEL, REGIONLOCALIZATION, REWARDMODE1, REWARDMODE2, REWARDMODE3, TIMELIMIT, TRACKLAYOUTMAP, TRACKLOCALIZATION) VALUES (521, 607077938, 0, 0.0, 0.0, 0.0, 953954350, 1634433605, 'GameModeIcon_Circuit', 4, 1165983530, 'true', 'false', 2, 0, 999, 6, 60, 0, 2, 2, 0, 1, 2, 3, 0, 'CNY_128', 0);
INSERT INTO SOAPBOX.EVENTDEFINITION (EVENTID, CARCLASSHASH, COINS, ENGAGEPOINTX, ENGAGEPOINTY, ENGAGEPOINTZ, EVENTLOCALIZATION, EVENTMODEDESCRIPTIONLOCALIZATION, EVENTMODEICON, EVENTMODEID, EVENTMODELOCALIZATION, ISENABLED, ISLOCKED, LAPS, LENGTH, MAXCLASSRATING, MAXENTRANTS, MAXLEVEL, MINCLASSRATING, MINENTRANTS, MINLEVEL, REGIONLOCALIZATION, REWARDMODE1, REWARDMODE2, REWARDMODE3, TIMELIMIT, TRACKLAYOUTMAP, TRACKLOCALIZATION) VALUES (524, -2142411446, 0, 0.0, 0.0, 0.0, 0, 1298130000, 'GameModeIcon_Drag', 19, 1990101845, 'true', 'false', 0, 0, 999, 4, 60, 750, 2, 2, 0, 1, 2, 3, 0, 'trackmap_Unavailable', 0);
INSERT INTO SOAPBOX.EVENTDEFINITION (EVENTID, CARCLASSHASH, COINS, ENGAGEPOINTX, ENGAGEPOINTY, ENGAGEPOINTZ, EVENTLOCALIZATION, EVENTMODEDESCRIPTIONLOCALIZATION, EVENTMODEICON, EVENTMODEID, EVENTMODELOCALIZATION, ISENABLED, ISLOCKED, LAPS, LENGTH, MAXCLASSRATING, MAXENTRANTS, MAXLEVEL, MINCLASSRATING, MINENTRANTS, MINLEVEL, REGIONLOCALIZATION, REWARDMODE1, REWARDMODE2, REWARDMODE3, TIMELIMIT, TRACKLAYOUTMAP, TRACKLOCALIZATION) VALUES (525, -405837480, 0, 0.0, 0.0, 0.0, 953954351, 1298130000, 'GameModeIcon_Drag', 19, 1990101845, 'true', 'false', 0, 0, 749, 4, 60, 600, 2, 2, 0, 2, 3, 0, 0, 'trackmap_Unavailable', 0);
INSERT INTO SOAPBOX.EVENTDEFINITION (EVENTID, CARCLASSHASH, COINS, ENGAGEPOINTX, ENGAGEPOINTY, ENGAGEPOINTZ, EVENTLOCALIZATION, EVENTMODEDESCRIPTIONLOCALIZATION, EVENTMODEICON, EVENTMODEID, EVENTMODELOCALIZATION, ISENABLED, ISLOCKED, LAPS, LENGTH, MAXCLASSRATING, MAXENTRANTS, MAXLEVEL, MINCLASSRATING, MINENTRANTS, MINLEVEL, REGIONLOCALIZATION, REWARDMODE1, REWARDMODE2, REWARDMODE3, TIMELIMIT, TRACKLAYOUTMAP, TRACKLOCALIZATION) VALUES (526, 607077938, 0, 0.0, 0.0, 0.0, 953954352, 1204604434, 'GameModeIcon_Sprint', 9, -1152300457, 'true', 'false', 0, 0, 999, 4, 60, 0, 2, 2, 0, 1, 2, 3, 0, 'rally_01', 0);
INSERT INTO SOAPBOX.EVENTDEFINITION (EVENTID, CARCLASSHASH, COINS, ENGAGEPOINTX, ENGAGEPOINTY, ENGAGEPOINTZ, EVENTLOCALIZATION, EVENTMODEDESCRIPTIONLOCALIZATION, EVENTMODEICON, EVENTMODEID, EVENTMODELOCALIZATION, ISENABLED, ISLOCKED, LAPS, LENGTH, MAXCLASSRATING, MAXENTRANTS, MAXLEVEL, MINCLASSRATING, MINENTRANTS, MINLEVEL, REGIONLOCALIZATION, REWARDMODE1, REWARDMODE2, REWARDMODE3, TIMELIMIT, TRACKLAYOUTMAP, TRACKLOCALIZATION) VALUES (527, 607077938, 0, 0.0, 0.0, 0.0, 953954376, 1204604434, 'GameModeIcon_Sprint', 9, -1152300457, 'true', 'false', 0, 0, 999, 4, 60, 0, 2, 2, 0, 1, 2, 3, 0, 'ReverseTrack11', 0);
INSERT INTO SOAPBOX.EVENTDEFINITION (EVENTID, CARCLASSHASH, COINS, ENGAGEPOINTX, ENGAGEPOINTY, ENGAGEPOINTZ, EVENTLOCALIZATION, EVENTMODEDESCRIPTIONLOCALIZATION, EVENTMODEICON, EVENTMODEID, EVENTMODELOCALIZATION, ISENABLED, ISLOCKED, LAPS, LENGTH, MAXCLASSRATING, MAXENTRANTS, MAXLEVEL, MINCLASSRATING, MINENTRANTS, MINLEVEL, REGIONLOCALIZATION, REWARDMODE1, REWARDMODE2, REWARDMODE3, TIMELIMIT, TRACKLAYOUTMAP, TRACKLOCALIZATION) VALUES (531, 607077938, 0, 4114.5068359375, 952.6956787109375, 44.995140075683594, 953955469, 1204604434, 'GameModeIcon_Sprint', 9, -1152300457, 'true', 'false', 0, 0, 999, 6, 60, 0, 2, 2, 0, 1, 2, 3, 0, 'ReverseTrack04', -491522155);
INSERT INTO SOAPBOX.EVENTDEFINITION (EVENTID, CARCLASSHASH, COINS, ENGAGEPOINTX, ENGAGEPOINTY, ENGAGEPOINTZ, EVENTLOCALIZATION, EVENTMODEDESCRIPTIONLOCALIZATION, EVENTMODEICON, EVENTMODEID, EVENTMODELOCALIZATION, ISENABLED, ISLOCKED, LAPS, LENGTH, MAXCLASSRATING, MAXENTRANTS, MAXLEVEL, MINCLASSRATING, MINENTRANTS, MINLEVEL, REGIONLOCALIZATION, REWARDMODE1, REWARDMODE2, REWARDMODE3, TIMELIMIT, TRACKLAYOUTMAP, TRACKLOCALIZATION) VALUES (533, 607077938, 0, 3951.64306640625, -1162.6500244140625, 17.851560592651367, 953955471, 1204604434, 'GameModeIcon_Sprint', 9, -1152300457, 'true', 'false', 0, 0, 999, 6, 60, 0, 2, 2, 0, 1, 2, 3, 0, 'ReverseTrack06', 0);
INSERT INTO SOAPBOX.USER (ID, EMAIL, PASSWORD) VALUES (1, 'nobody@nowhere', 'secret');
INSERT INTO SOAPBOX.USER (ID, EMAIL, PASSWORD) VALUES (2, 'anyone@anywhere', 'anysecret');
INSERT INTO SOAPBOX.USER (ID, EMAIL, PASSWORD) VALUES (3, 'more@nomore', 'notsecret');

ALTER TABLE SOAPBOX.PERSONA AUTO_INCREMENT = 100;
